customer_id,first_name,last_name,full_name,email,street,four_digits,country_id,credit_provider_id
331961,Rodolfo,Brown,Rodolfo Brown,Rodolfob@gmail.com,2099 Jennifer Village,3958,0,0
513584,Verna,Martin,Verna Martin,Vernam@gmail.com,613 Aguilar River Suite 383,3178,1,1
977298,Nell,Weiser,Nell Weiser,Nellw@gmail.com,52053 Michelle Lights,9306,2,2
871231,Maribel,Knapp,Maribel Knapp,Maribelk@gmail.com,624 Sparks Vista,6707,3,1
529059,Carla,Shulman,Carla Shulman,Carlas@gmail.com,64618 Holmes Wells Suite 043,6330,4,3
738084,Edith,Hendrix,Edith Hendrix,Edithh@gmail.com,027 Vazquez Mountains Suite 053,2170,5,4
452399,Emma,Harris,Emma Harris,Emmah@gmail.com,2904 Gabriel Forks Suite 453,8163,6,4
346507,Carol,Mackey,Carol Mackey,Carolm@gmail.com,798 Daniel Rapids Apt. 904,1089,7,0
21764,Kyle,Brandon,Kyle Brandon,Kyleb@gmail.com,749 Klein Lodge,7326,8,2
977343,Beth,Thomas,Beth Thomas,Betht@gmail.com,101 Johnson Roads Apt. 624,8182,9,5
199117,Leonard,Hinds,Leonard Hinds,Leonardh@gmail.com,74636 Derek Shoals,9226,10,6
774748,Beverly,Williams,Beverly Williams,Beverlyw@gmail.com,2287 Patrick Mills,6412,11,7
407109,William,Bien,William Bien,Williamb@gmail.com,895 Jose Rapids Suite 103,4180,12,2
396711,Mara,Espinosa,Mara Espinosa,Marae@gmail.com,6149 Park Streets Apt. 922,5404,13,5
567533,Georgiana,Clark,Georgiana Clark,Georgianac@gmail.com,67328 John Lake,5021,14,5
673728,Carolyn,Au,Carolyn Au,Carolyna@gmail.com,5857 Ryan Garden Suite 877,6593,15,3
389040,Claude,Marsella,Claude Marsella,Claudem@gmail.com,0982 Dixon Stream Apt. 792,6661,16,4
825931,Fred,Rosenzweig,Fred Rosenzweig,Fredr@gmail.com,270 Lisa Junction,7250,17,5
168436,Eunice,Fusco,Eunice Fusco,Eunicef@gmail.com,939 Taylor Branch,1149,18,2
659170,Robert,Lawson,Robert Lawson,Robertl@gmail.com,66467 John Mews Suite 458,6859,19,6
175041,Heather,Johnson,Heather Johnson,Heatherj@gmail.com,386 John Heights,8555,20,1
975923,Steven,Collelo,Steven Collelo,Stevenc@gmail.com,52015 Reyes Dale,4678,21,4
902731,Neil,Christensen,Neil Christensen,Neilc@gmail.com,656 James Mall Suite 205,6245,22,8
780179,Brandon,Shiro,Brandon Shiro,Brandons@gmail.com,0305 Jason Stravenue,8938,23,4
475217,Robert,Oakden,Robert Oakden,Roberto@gmail.com,88241 Tyler Field,3511,24,2
737553,Sylvia,Chumley,Sylvia Chumley,Sylviac@gmail.com,757 Andrew Canyon,7107,25,1
145260,Jayme,Butler,Jayme Butler,Jaymeb@gmail.com,6795 White Row,3684,26,7
202606,Juliette,Cooper,Juliette Cooper,Juliettec@gmail.com,99642 Peter Brook,8184,27,2
83821,Mitchell,Hammers,Mitchell Hammers,Mitchellh@gmail.com,87109 Oscar Falls,3802,28,6
484092,Heather,Martin,Heather Martin,Heatherm@gmail.com,71380 Rodriguez Court Apt. 624,1777,29,4
28124,Judith,Timm,Judith Timm,Juditht@gmail.com,8549 Sheila Locks Apt. 508,9034,30,2
374930,Virginia,Cox,Virginia Cox,Virginiac@gmail.com,9413 Curtis Squares Apt. 390,4980,31,7
986555,Anthony,Lindsey,Anthony Lindsey,Anthonyl@gmail.com,79975 Jason Flat Suite 526,3051,32,2
629142,Amber,Oakley,Amber Oakley,Ambero@gmail.com,33412 Larry Orchard,8476,2,9
65186,William,Harrington,William Harrington,Williamh@gmail.com,138 Michael Skyway Apt. 551,2858,33,5
581859,Natalie,Vasquez,Natalie Vasquez,Nataliev@gmail.com,912 Reyes Ridge,1300,34,2
415673,Helena,Nerad,Helena Nerad,Helenan@gmail.com,1763 Megan Turnpike Apt. 711,4016,35,5
650179,Catherine,Stahr,Catherine Stahr,Catherines@gmail.com,177 Salazar Vista,7568,30,5
18197,Kenneth,Eager,Kenneth Eager,Kennethe@gmail.com,91905 Wagner Streets,7596,36,6
502746,Jimmy,Wojcik,Jimmy Wojcik,Jimmyw@gmail.com,168 Walker Circle Suite 949,8258,37,3
9674,Jennifer,Cox,Jennifer Cox,Jenniferc@gmail.com,75699 Raymond Neck,7576,38,1
321578,Carrie,Burkhart,Carrie Burkhart,Carrieb@gmail.com,99940 Crystal Mews,5666,39,4
192118,Sophie,Ramirez,Sophie Ramirez,Sophier@gmail.com,4038 Justin Island,8107,40,6
720112,Donald,Austin,Donald Austin,Donalda@gmail.com,6347 Samuel Isle Apt. 929,8298,41,8
471530,Raymond,Weafer,Raymond Weafer,Raymondw@gmail.com,655 Palmer Plain Apt. 969,2110,42,7
924897,Rick,Johnson,Rick Johnson,Rickj@gmail.com,3614 Paige Lake,3471,43,0
323985,Eddie,Cushman,Eddie Cushman,Eddiec@gmail.com,180 David Vista,6614,44,4
97689,Tina,Davis,Tina Davis,Tinad@gmail.com,366 Sherri Springs Apt. 116,1337,39,5
150845,Patty,Goode,Patty Goode,Pattyg@gmail.com,0381 Evans Isle Apt. 832,7331,45,0
902747,Eugene,Oconnor,Eugene Oconnor,Eugeneo@gmail.com,03400 Fox Via,7936,46,5
619528,James,Waters,James Waters,Jamesw@gmail.com,24939 Steven Orchard Apt. 300,9929,47,1
822106,Randy,Williams,Randy Williams,Randyw@gmail.com,120 Hicks Lakes Apt. 616,1800,48,4
312065,Tim,Andersen,Tim Andersen,Tima@gmail.com,024 Julie Trail,1710,49,2
428560,Justin,Baridon,Justin Baridon,Justinb@gmail.com,669 Foster Tunnel,6042,4,1
602003,James,Spradlin,James Spradlin,Jamess@gmail.com,4911 Clark Glens,3487,50,4
264757,Corey,Sullivan,Corey Sullivan,Coreys@gmail.com,07984 Amanda Wells Suite 009,9398,51,7
347370,Devin,Ellis,Devin Ellis,Devine@gmail.com,8009 Anna Turnpike,5277,52,1
872639,Rex,Davis,Rex Davis,Rexd@gmail.com,944 Cannon Corners Suite 288,5765,53,7
955582,Adam,Wirt,Adam Wirt,Adamw@gmail.com,2875 Wesley Rapids Suite 221,3874,54,7
911445,Thomas,Chang,Thomas Chang,Thomasc@gmail.com,2318 Williams Crossing Suite 297,1421,27,1
443721,Mary,Haley,Mary Haley,Maryh@gmail.com,31298 Rhonda Station Suite 381,2892,55,7
167719,Chasity,Shin,Chasity Shin,Chasitys@gmail.com,418 Howe Bridge,1731,56,2
338745,Francis,Eland,Francis Eland,Francise@gmail.com,60080 Dodson Passage,9808,57,0
44128,Nancy,Maloney,Nancy Maloney,Nancym@gmail.com,7593 Stacey Loop,7169,58,1
552571,Sally,Marshall,Sally Marshall,Sallym@gmail.com,0538 Daniel Drives Suite 693,3893,29,4
732185,Anthony,Falls,Anthony Falls,Anthonyf@gmail.com,43925 Michael Road,6359,59,2
346924,William,Griffith,William Griffith,Williamg@gmail.com,102 Evans Ford Apt. 995,8141,60,2
408556,Charlie,Willard,Charlie Willard,Charliew@gmail.com,359 Walker Throughway Apt. 580,6759,61,0
616590,Sandra,Modi,Sandra Modi,Sandram@gmail.com,810 Dustin Villages,8370,62,1
174263,Henry,Fulton,Henry Fulton,Henryf@gmail.com,443 Thomas Spurs,6287,63,9
672562,Jessie,Mcilwain,Jessie Mcilwain,Jessiem@gmail.com,219 Julia Mills Suite 808,5721,64,7
758654,Michael,Woody,Michael Woody,Michaelw@gmail.com,416 Drew Row,3477,65,3
913585,Emiko,Mallat,Emiko Mallat,Emikom@gmail.com,6666 Matthew Route,8043,66,8
874328,Jacquelyn,Hargrove,Jacquelyn Hargrove,Jacquelynh@gmail.com,809 David Manors Suite 656,8292,67,6
42049,Christine,Thomas,Christine Thomas,Christinet@gmail.com,433 Travis Mountains,9398,43,9
979475,Robert,Fierro,Robert Fierro,Robertf@gmail.com,6718 Adam Meadow Suite 392,3620,68,1
264743,Tom,Grewe,Tom Grewe,Tomg@gmail.com,6791 Wood Camp,7363,69,0
815950,Sandra,Schey,Sandra Schey,Sandras@gmail.com,5295 Jones Fields,4789,70,8
186659,Antoinette,Swain,Antoinette Swain,Antoinettes@gmail.com,255 Alex Crest,8184,53,5
516750,Howard,Fowlie,Howard Fowlie,Howardf@gmail.com,933 Brandon Knolls,7440,35,1
517530,Herbert,Chapman,Herbert Chapman,Herbertc@gmail.com,50740 Willis Fords Apt. 630,6941,71,9
137840,Rachel,Spencer,Rachel Spencer,Rachels@gmail.com,3157 Howard Mills Suite 960,7325,72,4
845534,Michael,Dunigan,Michael Dunigan,Michaeld@gmail.com,6593 Lauren Summit Apt. 648,7484,18,2
854797,Victoria,Harvey,Victoria Harvey,Victoriah@gmail.com,27372 Thompson Overpass Apt. 620,7783,73,4
701697,Karrie,Stinson,Karrie Stinson,Karries@gmail.com,2030 Ann Mission Suite 072,5348,74,0
361619,Ruth,Leonard,Ruth Leonard,Ruthl@gmail.com,915 Troy Trafficway,7694,75,2
611496,Dora,Mckennon,Dora Mckennon,Doram@gmail.com,58540 Carmen Burg,2404,76,7
490061,Angela,Mauffray,Angela Mauffray,Angelam@gmail.com,69171 Black Plaza,2356,77,8
706229,Robert,Crawford,Robert Crawford,Robertc@gmail.com,309 Alexis Extension Apt. 981,4824,78,4
487504,Diane,Soto,Diane Soto,Dianes@gmail.com,72715 Tammy Roads,4285,61,4
946517,Bessie,Lounsbury,Bessie Lounsbury,Bessiel@gmail.com,828 Thompson Camp Suite 061,3507,79,6
306047,Kate,Landfair,Kate Landfair,Katel@gmail.com,89800 Ruiz Lodge Suite 434,6115,46,9
747193,Judy,Lee,Judy Lee,Judyl@gmail.com,329 Dennis Loop,2514,80,0
266711,Marilyn,Pascal,Marilyn Pascal,Marilynp@gmail.com,0535 Ferguson Flats Apt. 768,4139,62,7
815592,Natalie,Cole,Natalie Cole,Nataliec@gmail.com,3589 Jackson Spring Apt. 358,4868,81,8
947754,Timmy,Borucki,Timmy Borucki,Timmyb@gmail.com,8541 Sandra Dale,8861,0,9
72648,Mitchell,Westlund,Mitchell Westlund,Mitchellw@gmail.com,8577 Holmes Pine,1708,47,6
355570,Hugo,Tallarico,Hugo Tallarico,Hugot@gmail.com,087 Anderson Parks,8936,51,2
282686,Billy,Wolchesky,Billy Wolchesky,Billyw@gmail.com,2340 Joshua Hollow Apt. 060,3582,82,3
333801,Helen,Kroeger,Helen Kroeger,Helenk@gmail.com,84008 Katie Ramp Suite 657,2848,21,1
838565,Susan,Guynn,Susan Guynn,Susang@gmail.com,5590 Johnathan Cape Apt. 654,3637,83,7
779859,Vanessa,Savory,Vanessa Savory,Vanessas@gmail.com,321 Murphy Roads Apt. 579,2698,84,2
557087,Richard,Dammeyer,Richard Dammeyer,Richardd@gmail.com,64956 Richards Springs Suite 414,8463,85,7
744144,David,Mccleese,David Mccleese,Davidm@gmail.com,68777 David Lock,3015,86,1
644311,Thomas,Coward,Thomas Coward,Thomasc@gmail.com,400 Danielle Cliff,5126,87,4
725676,Dorothy,Smith,Dorothy Smith,Dorothys@gmail.com,05892 Richard Wall Apt. 920,5598,88,1
451534,Alicia,Rivas,Alicia Rivas,Aliciar@gmail.com,6212 John Fall Apt. 115,4002,89,7
170388,Margie,Hayes,Margie Hayes,Margieh@gmail.com,9114 Ronnie Mountains Suite 524,1007,71,1
933774,Camille,Burchett,Camille Burchett,Camilleb@gmail.com,197 Joseph Crossroad,8364,85,9
876020,Thomas,Thomas,Thomas Thomas,Thomast@gmail.com,3494 Bonnie Ports,1234,90,6
194903,Jennifer,Gonez,Jennifer Gonez,Jenniferg@gmail.com,549 Ferguson Freeway,6039,91,2
497088,Jennifer,Driver,Jennifer Driver,Jenniferd@gmail.com,080 Morgan Ramp,2165,92,7
270508,Viola,Rivera,Viola Rivera,Violar@gmail.com,42487 Angela Manor Apt. 718,5584,93,7
971785,Mary,Parsons,Mary Parsons,Maryp@gmail.com,036 Anderson Passage Suite 966,9986,94,9
230089,Robert,Loggins,Robert Loggins,Robertl@gmail.com,91388 Leonard Estates Suite 042,9803,95,3
285554,Valencia,Smith,Valencia Smith,Valencias@gmail.com,84167 Adam Plain Suite 377,9337,96,2
342501,Charlotte,Reed,Charlotte Reed,Charlotter@gmail.com,4753 Michael Curve Suite 565,9569,28,3
503433,Luella,Berger,Luella Berger,Luellab@gmail.com,628 Renee Meadows Suite 418,5527,97,6
253534,Stanley,Shin,Stanley Shin,Stanleys@gmail.com,92571 Gavin Villages,5999,80,2
668968,Reginald,Carr,Reginald Carr,Reginaldc@gmail.com,6750 Bishop Cliffs,9350,98,1
354563,Charles,Ashley,Charles Ashley,Charlesa@gmail.com,493 Harrison Street Apt. 124,8550,21,6
304293,Julie,Vassallo,Julie Vassallo,Juliev@gmail.com,847 Sanders Track,8329,15,9
597602,Reid,Roberts,Reid Roberts,Reidr@gmail.com,5860 Burns Port,5517,17,7
502626,Manuel,Willis,Manuel Willis,Manuelw@gmail.com,12062 Hodges Mount Apt. 463,2998,87,2
881841,Marilyn,Haman,Marilyn Haman,Marilynh@gmail.com,3031 Levine Walk Apt. 564,3238,99,7
271774,Sharon,Hamby,Sharon Hamby,Sharonh@gmail.com,178 Brianna View,3875,0,1
489379,Courtney,Huland,Courtney Huland,Courtneyh@gmail.com,7909 Ronald Islands,2629,100,4
171430,Sarah,Ibara,Sarah Ibara,Sarahi@gmail.com,39299 Wright Divide,7499,101,0
576573,John,Rockmore,John Rockmore,Johnr@gmail.com,045 Jennifer Mountains,2859,73,6
494853,Sharon,Miles,Sharon Miles,Sharonm@gmail.com,3017 Richard Motorway,1222,38,7
418680,Brian,Cotrell,Brian Cotrell,Brianc@gmail.com,320 William Ways,5092,25,4
583170,Jessica,Mccalla,Jessica Mccalla,Jessicam@gmail.com,12596 Karen Spurs,9347,81,7
624699,Jill,Banchero,Jill Banchero,Jillb@gmail.com,343 Chaney Glen Apt. 997,6001,102,4
182243,Robert,Lewis,Robert Lewis,Robertl@gmail.com,576 Christopher Passage,9011,103,1
483312,Darlene,Ratliff,Darlene Ratliff,Darlener@gmail.com,23308 Omar Valleys Apt. 346,5104,42,5
791451,Chester,Webb,Chester Webb,Chesterw@gmail.com,471 Sellers Streets,5515,104,9
101368,Etta,Daniels,Etta Daniels,Ettad@gmail.com,82903 Arthur Stream Apt. 834,4572,21,3
712434,Robert,Albarado,Robert Albarado,Roberta@gmail.com,990 Miller Corners,4549,105,6
202376,Helen,Delaney,Helen Delaney,Helend@gmail.com,582 Brenda Cove,4750,106,4
651347,Marjory,Herrington,Marjory Herrington,Marjoryh@gmail.com,13902 Horn Terrace Suite 061,2851,107,1
143693,Constance,Cooper,Constance Cooper,Constancec@gmail.com,26209 Rogers Locks,9598,108,7
760489,Tammy,Flinchum,Tammy Flinchum,Tammyf@gmail.com,266 John Point,3825,109,4
170053,Isaac,Yin,Isaac Yin,Isaacy@gmail.com,990 Powers Loop Apt. 082,5114,30,2
935873,Amanda,Hamilton,Amanda Hamilton,Amandah@gmail.com,5304 Sherman Ways,9594,110,9
581083,Thurman,Tauscher,Thurman Tauscher,Thurmant@gmail.com,34531 Debra Falls Apt. 922,1092,85,2
924073,Robert,Welby,Robert Welby,Robertw@gmail.com,0880 Simpson Parks,7638,0,8
529093,Matthew,Mello,Matthew Mello,Matthewm@gmail.com,331 Regina Mountain,3738,111,4
103362,Martha,Reed,Martha Reed,Marthar@gmail.com,11088 James Turnpike Suite 780,6517,38,6
343920,David,Thompson,David Thompson,Davidt@gmail.com,09220 Davis Path Suite 267,9093,112,3
779041,Jason,Green,Jason Green,Jasong@gmail.com,046 Mitchell Cove,5521,88,5
167350,Jacinta,Thurston,Jacinta Thurston,Jacintat@gmail.com,5731 Cummings Walks,5939,113,6
973332,Nora,Halla,Nora Halla,Norah@gmail.com,40139 Alexander Villages Apt. 576,3513,34,5
68808,Belinda,Rosales,Belinda Rosales,Belindar@gmail.com,178 Perez Ford,7027,45,8
347931,Charlie,Gabbamonte,Charlie Gabbamonte,Charlieg@gmail.com,0786 Larson Trail,4054,17,1
451816,David,Brookshire,David Brookshire,Davidb@gmail.com,568 Bass Walk,8755,114,4
390310,Shawn,Smith,Shawn Smith,Shawns@gmail.com,85474 Walker Summit,5364,115,9
245763,Daniel,Mays,Daniel Mays,Danielm@gmail.com,72716 Roberts Spring Suite 415,9712,12,5
319056,Frances,Frey,Frances Frey,Francesf@gmail.com,037 Martin Trafficway Suite 562,1735,116,2
454867,Pablo,Escalante,Pablo Escalante,Pabloe@gmail.com,1478 Kelsey Mission Apt. 624,3378,25,7
678232,Kerry,Abdi,Kerry Abdi,Kerrya@gmail.com,023 Brown Trail,5445,36,3
185806,Deborah,Salo,Deborah Salo,Deborahs@gmail.com,29344 Nelson Road,6558,46,2
237492,Ervin,Pita,Ervin Pita,Ervinp@gmail.com,075 Taylor Trail,2967,89,2
85808,Gloria,Brock,Gloria Brock,Gloriab@gmail.com,506 Rodriguez Bridge,4682,117,5
510923,Matthew,Botkin,Matthew Botkin,Matthewb@gmail.com,183 Craig Ford Suite 950,9245,118,7
765101,William,Brady,William Brady,Williamb@gmail.com,6099 Douglas Prairie Suite 691,8194,119,4
984337,Myra,Adams,Myra Adams,Myraa@gmail.com,57220 Mary Field,2449,75,7
295116,Catherine,Baylor,Catherine Baylor,Catherineb@gmail.com,5173 Brown Dale,5820,88,0
176205,Courtney,Helm,Courtney Helm,Courtneyh@gmail.com,728 Allen Brook,9403,120,3
707883,Ronald,Morrow,Ronald Morrow,Ronaldm@gmail.com,476 Harris Road Apt. 043,4801,121,4
428482,Donna,Johnson,Donna Johnson,Donnaj@gmail.com,8262 Wayne Mountains Suite 972,5765,122,7
44398,Thomas,Piedra,Thomas Piedra,Thomasp@gmail.com,23903 Hansen Street Apt. 892,1468,123,9
794692,John,Caldwell,John Caldwell,Johnc@gmail.com,692 Barber Camp Suite 935,2631,124,8
484448,Milton,Earl,Milton Earl,Miltone@gmail.com,29229 Mackenzie Knolls,1782,125,0
538029,Sonny,Sheck,Sonny Sheck,Sonnys@gmail.com,65056 Weber Run Apt. 635,9128,121,0
244797,Ernesto,Hausauer,Ernesto Hausauer,Ernestoh@gmail.com,417 Clark Harbors,8501,100,1
25018,Terence,Hindman,Terence Hindman,Terenceh@gmail.com,04251 Roman Gardens,9071,126,6
485320,William,Powell,William Powell,Williamp@gmail.com,10322 Davis Valleys,5229,127,7
669443,Jennifer,Andersen,Jennifer Andersen,Jennifera@gmail.com,6484 Katherine Divide,3478,124,4
939871,Willie,Bruce,Willie Bruce,Willieb@gmail.com,4001 Ponce Common,4924,128,5
948410,Cyrus,Perkins,Cyrus Perkins,Cyrusp@gmail.com,883 Katrina Stream Suite 745,5031,6,1
854885,Diane,Kase,Diane Kase,Dianek@gmail.com,23177 Mejia Pine,3341,34,0
145859,Vivian,Farr,Vivian Farr,Vivianf@gmail.com,94157 Walker Ramp Apt. 222,6399,15,3
947198,Lana,Hamilton,Lana Hamilton,Lanah@gmail.com,34935 Gary Lane,1953,129,4
386612,Charlene,Ramirez,Charlene Ramirez,Charlener@gmail.com,180 David Branch,8177,49,0
18254,Pauline,Tino,Pauline Tino,Paulinet@gmail.com,04295 Eric Circles,4940,29,5
45470,Sharon,Daniell,Sharon Daniell,Sharond@gmail.com,19933 Johnson Causeway Apt. 433,3133,54,5
842968,Anne,Miranda,Anne Miranda,Annem@gmail.com,770 Goodwin Corners Suite 073,6959,130,1
288816,Dustin,Ward,Dustin Ward,Dustinw@gmail.com,7883 Berry Ridges,4303,131,5
320837,Wayne,Snyder,Wayne Snyder,Waynes@gmail.com,08917 James Tunnel,7816,132,2
598800,Lani,Fassett,Lani Fassett,Lanif@gmail.com,434 Lucas Square Suite 141,8485,97,0
141226,Charles,Riggs,Charles Riggs,Charlesr@gmail.com,704 Katie Fall,7062,15,6
308223,William,Kahill,William Kahill,Williamk@gmail.com,568 Shelton Island,2011,63,4
704265,Christian,Charter,Christian Charter,Christianc@gmail.com,93137 Christine Oval,1759,133,8
425821,Donald,Alexander,Donald Alexander,Donalda@gmail.com,8568 Douglas Mission,5508,13,7
934219,Katherine,Griffin,Katherine Griffin,Katherineg@gmail.com,0657 Thompson Wells Suite 091,3260,81,0
217237,Agnes,Myers,Agnes Myers,Agnesm@gmail.com,0084 Joseph Coves Suite 000,3298,134,2
23768,William,Teague,William Teague,Williamt@gmail.com,09328 Maria Parkways,6750,135,3
990801,Gloria,Laverty,Gloria Laverty,Glorial@gmail.com,2066 Michael Burg,4364,114,4
311974,Phillip,Jones,Phillip Jones,Phillipj@gmail.com,70057 Smith Summit,4666,81,4
119359,Rogelio,Ortiz,Rogelio Ortiz,Rogelioo@gmail.com,73116 Allen Meadows,2859,136,7
754891,David,Woodson,David Woodson,Davidw@gmail.com,60582 Heather Track,3026,137,3
866350,Charles,Steadman,Charles Steadman,Charless@gmail.com,412 Hunt Valleys Suite 615,7274,138,3
753653,Warren,Sena,Warren Sena,Warrens@gmail.com,29418 Rebecca Avenue Suite 914,1214,139,8
628613,Kasie,Muzyka,Kasie Muzyka,Kasiem@gmail.com,2188 Norman Courts,1888,106,9
852730,Rena,Julius,Rena Julius,Renaj@gmail.com,7920 Kelley Drive Suite 539,9192,111,3
610120,Charles,Lawrence,Charles Lawrence,Charlesl@gmail.com,57189 Sean Drive,3933,140,5
214636,Kirk,Sifuentes,Kirk Sifuentes,Kirks@gmail.com,65123 Brenda Oval,5902,50,8
76542,Rita,Cole,Rita Cole,Ritac@gmail.com,94812 Ritter Via Apt. 544,3312,34,4
677615,Desiree,Francis,Desiree Francis,Desireef@gmail.com,6442 Jackson Points,9374,13,4
561279,Ramona,Orosco,Ramona Orosco,Ramonao@gmail.com,2727 Delgado Summit Apt. 811,5653,133,2
353787,Adela,Jackson,Adela Jackson,Adelaj@gmail.com,895 Garcia Lodge,9104,112,2
806456,Christine,Wilson,Christine Wilson,Christinew@gmail.com,0264 Evans Spur Apt. 204,2539,82,4
978340,Catherine,Mcgee,Catherine Mcgee,Catherinem@gmail.com,27252 Austin Terrace Suite 376,3155,97,4
47912,Warren,Oneal,Warren Oneal,Warreno@gmail.com,349 Barr Orchard Suite 362,8947,114,4
846103,Martha,See,Martha See,Marthas@gmail.com,76370 Joseph Extension Suite 884,4629,4,2
465623,Barbara,Valera,Barbara Valera,Barbarav@gmail.com,997 Martin Plains Suite 660,1399,141,7
863671,Jimmy,Robertson,Jimmy Robertson,Jimmyr@gmail.com,052 Martin Lakes,2662,121,1
978372,Donald,Blum,Donald Blum,Donaldb@gmail.com,07741 Ryan Inlet Suite 909,1064,142,0
618359,Rafael,Locklear,Rafael Locklear,Rafaell@gmail.com,6961 Francis Mountains,5456,143,9
210821,Margaret,Glover,Margaret Glover,Margaretg@gmail.com,9294 Jeffrey Park Apt. 195,9671,56,1
384097,Jessie,Kilpatrick,Jessie Kilpatrick,Jessiek@gmail.com,0122 Jacqueline Divide,1657,144,5
77543,Joseph,Grimsley,Joseph Grimsley,Josephg@gmail.com,08105 Sharon Spur,6033,30,4
715209,Lester,Brewer,Lester Brewer,Lesterb@gmail.com,1022 Kimberly Throughway,7167,99,2
645772,Maya,Wilson,Maya Wilson,Mayaw@gmail.com,879 Marc Estate,5305,118,7
281482,Cathy,Rivera,Cathy Rivera,Cathyr@gmail.com,260 Duarte View Apt. 824,3700,73,5
900491,Bessie,Wolfe,Bessie Wolfe,Bessiew@gmail.com,02399 Pamela Ways,6310,44,4
893588,Irma,Baron,Irma Baron,Irmab@gmail.com,3364 Floyd Park,6470,58,5
729771,Avis,Brown,Avis Brown,Avisb@gmail.com,056 Morgan Underpass,6815,145,0
368153,Anita,Jordan,Anita Jordan,Anitaj@gmail.com,4940 Lewis Crest,8635,45,4
670307,Nettie,Netolicky,Nettie Netolicky,Nettien@gmail.com,91524 Heather Meadow,3883,146,4
478959,Paul,Buster,Paul Buster,Paulb@gmail.com,37036 Flynn Mills Suite 915,5610,92,4
720009,Kathleen,Bueno,Kathleen Bueno,Kathleenb@gmail.com,3324 Murphy Vista Apt. 555,3814,28,3
836719,Ronald,Paredes,Ronald Paredes,Ronaldp@gmail.com,44732 Johnson Shores,2975,147,4
241624,Paul,Kirby,Paul Kirby,Paulk@gmail.com,133 Jennifer Road,4215,148,8
238857,Diane,Russell,Diane Russell,Dianer@gmail.com,47041 Scott Port Apt. 694,5314,13,2
444620,Stephanie,Kelly,Stephanie Kelly,Stephaniek@gmail.com,7002 Barry Fords,6482,0,1
418925,Miriam,Mcmillin,Miriam Mcmillin,Miriamm@gmail.com,13857 Wilson Vista Suite 358,4549,149,7
600164,Jesse,Presley,Jesse Presley,Jessep@gmail.com,95572 Lori Forest Suite 766,2650,29,1
305313,Robert,Koch,Robert Koch,Robertk@gmail.com,661 Mary Manor Apt. 348,9146,52,2
621644,Kelly,Manning,Kelly Manning,Kellym@gmail.com,09968 Michael Meadow Apt. 862,1533,150,3
377844,Barbara,Cohn,Barbara Cohn,Barbarac@gmail.com,69260 Gaines Hollow Apt. 095,7202,93,2
819177,Madge,Baccus,Madge Baccus,Madgeb@gmail.com,359 Amanda Springs,1000,10,6
220719,Robert,Dunleavy,Robert Dunleavy,Robertd@gmail.com,224 Jacob Mountain Apt. 981,9533,49,1
359373,Joseph,Sutton,Joseph Sutton,Josephs@gmail.com,344 Kara Path,7992,25,1
816625,Carole,Lebeau,Carole Lebeau,Carolel@gmail.com,99466 Ryan Fords,7908,23,9
334115,Margaret,Mcgrath,Margaret Mcgrath,Margaretm@gmail.com,8927 Lindsey Brook,4972,39,4
588073,Jeremy,Pearson,Jeremy Pearson,Jeremyp@gmail.com,4496 Michael Turnpike,4599,151,0
877523,Edward,Bennett,Edward Bennett,Edwardb@gmail.com,2899 Rachel Inlet Suite 970,1585,152,4
902077,Dayle,Salsman,Dayle Salsman,Dayles@gmail.com,5348 Martin Course Suite 001,7526,153,7
749099,Erin,Lopez,Erin Lopez,Erinl@gmail.com,90487 Beck Road,3095,41,1
153234,Librada,Diberardino,Librada Diberardino,Libradad@gmail.com,0321 Reynolds Court Suite 504,1869,154,4
48957,Alfonso,Willcutt,Alfonso Willcutt,Alfonsow@gmail.com,1520 Linda Land Apt. 795,2633,4,4
634000,Cora,Leung,Cora Leung,Coral@gmail.com,40646 Bowman Grove Apt. 528,2777,135,2
768386,Lawrence,Heifner,Lawrence Heifner,Lawrenceh@gmail.com,107 Andrea Springs Suite 888,1335,10,6
597591,Nancy,Roach,Nancy Roach,Nancyr@gmail.com,1780 Smith Rapids,3227,122,7
319622,Floy,Mccoy,Floy Mccoy,Floym@gmail.com,944 Lindsey Valley,9763,102,5
267292,Eugenia,Bacon,Eugenia Bacon,Eugeniab@gmail.com,7724 Theresa Hollow,3979,97,5
936863,Joseph,Woods,Joseph Woods,Josephw@gmail.com,90454 Zachary Flat Apt. 483,5124,56,4
344028,Brian,Rhodes,Brian Rhodes,Brianr@gmail.com,910 Skinner Keys,8969,155,7
713453,Pamela,Bulfer,Pamela Bulfer,Pamelab@gmail.com,18456 Cindy Squares Suite 518,1437,156,2
945981,Brenda,Ng,Brenda Ng,Brendan@gmail.com,1155 Acosta Wall Apt. 085,5518,82,8
394385,Exie,Risinger,Exie Risinger,Exier@gmail.com,802 Lisa Mission Suite 275,7049,63,0
459909,Dorothy,Riggs,Dorothy Riggs,Dorothyr@gmail.com,032 Moore Locks,5356,157,6
917169,Shirley,Watson,Shirley Watson,Shirleyw@gmail.com,859 Welch Road,9811,8,0
959729,Brandon,Cleghorn,Brandon Cleghorn,Brandonc@gmail.com,33886 Sarah Cliffs,6408,158,0
760361,Michael,Schuttler,Michael Schuttler,Michaels@gmail.com,523 Ritter Terrace Suite 726,9190,149,2
131422,Eileen,Torbert,Eileen Torbert,Eileent@gmail.com,77311 Wendy Park Apt. 296,4661,159,5
164142,Elizabeth,Scarborough,Elizabeth Scarborough,Elizabeths@gmail.com,1809 Michael Court Apt. 501,2614,160,2
893103,Neil,Pickhardt,Neil Pickhardt,Neilp@gmail.com,247 Johnson Pass Suite 053,4970,50,3
704366,Sarah,Bell,Sarah Bell,Sarahb@gmail.com,1882 Dawn Ridges Suite 107,1735,161,7
579248,Tracey,Szabo,Tracey Szabo,Traceys@gmail.com,1881 Gallegos Unions,8913,20,6
938803,Roger,Inoue,Roger Inoue,Rogeri@gmail.com,18677 Luis Circle Suite 887,2793,5,4
360147,Trisha,Brandon,Trisha Brandon,Trishab@gmail.com,522 Warner Pines,8186,162,9
613606,Derek,Eatman,Derek Eatman,Dereke@gmail.com,042 Higgins Island,3990,67,4
737359,Moises,Buckley,Moises Buckley,Moisesb@gmail.com,6941 Lance Orchard,3353,128,4
188118,Donna,Bunn,Donna Bunn,Donnab@gmail.com,851 Russell Ramp Suite 166,5271,153,2
875338,Dena,Lassalle,Dena Lassalle,Denal@gmail.com,27120 Heather Parkway Suite 113,8581,163,4
822704,Bryan,Martinez,Bryan Martinez,Bryanm@gmail.com,9236 Chelsea Flats Apt. 805,4998,116,1
17117,Kerry,Duncanson,Kerry Duncanson,Kerryd@gmail.com,972 Newman Junction Suite 353,1157,147,5
928621,Leo,Hale,Leo Hale,Leoh@gmail.com,2100 Townsend Fork Apt. 126,8213,102,8
226070,Louise,Duncan,Louise Duncan,Louised@gmail.com,660 Gomez Route,7212,42,7
848242,Shannon,Robles,Shannon Robles,Shannonr@gmail.com,177 Miller Square,6829,127,7
737397,Beth,Watkins,Beth Watkins,Bethw@gmail.com,058 Anthony Plains Apt. 454,1095,13,0
705912,Theodore,Turner,Theodore Turner,Theodoret@gmail.com,5370 David Ville Apt. 266,4845,164,1
592307,Sarah,Hughes,Sarah Hughes,Sarahh@gmail.com,2526 Corey Extension Suite 782,9468,5,7
820030,Jamie,Higgins,Jamie Higgins,Jamieh@gmail.com,893 Alexander Parkway Apt. 129,7002,165,5
288568,Jennifer,Ferguson,Jennifer Ferguson,Jenniferf@gmail.com,59139 Jimmy Passage Suite 838,9038,106,0
506422,George,Romo,George Romo,Georger@gmail.com,7402 Jennifer Locks,6789,37,0
733112,Debbra,Mejia,Debbra Mejia,Debbram@gmail.com,923 Williams Center Suite 051,9047,153,6
976711,Nathan,Wilcutt,Nathan Wilcutt,Nathanw@gmail.com,442 Gray Corner,7709,58,1
218060,Kathleen,Funk,Kathleen Funk,Kathleenf@gmail.com,746 Christopher Estate Suite 199,8509,103,7
417364,Leta,Griffith,Leta Griffith,Letag@gmail.com,8919 Melissa Cove,6744,166,2
474773,Clyde,Colston,Clyde Colston,Clydec@gmail.com,1448 Butler Shoals,7476,30,3
707138,Jamie,Simmons,Jamie Simmons,Jamies@gmail.com,92086 David Underpass,8977,130,5
636790,Helen,Wehling,Helen Wehling,Helenw@gmail.com,0461 Webster Burg,3919,167,7
984408,Joann,Onell,Joann Onell,Joanno@gmail.com,0559 Richard Light,3672,168,1
797738,Melissa,Anderson,Melissa Anderson,Melissaa@gmail.com,31792 Morales Flats,1949,169,1
319999,Deborah,Russell,Deborah Russell,Deborahr@gmail.com,8492 Jennifer Manors Suite 616,1432,14,3
639775,Robert,Orourke,Robert Orourke,Roberto@gmail.com,9533 Vazquez Island,3233,94,1
420193,Todd,Jackson,Todd Jackson,Toddj@gmail.com,2177 Jamie Ports Suite 925,4735,30,4
398750,Kimberly,Hagins,Kimberly Hagins,Kimberlyh@gmail.com,14302 Jacqueline Springs,1335,170,9
609708,Norman,Aden,Norman Aden,Normana@gmail.com,3004 Austin Greens,7953,171,6
899655,Theodore,Smith,Theodore Smith,Theodores@gmail.com,4951 Chen Isle Suite 507,6152,117,0
257561,Maureen,Pugh,Maureen Pugh,Maureenp@gmail.com,207 Richard Motorway,4877,172,6
312685,Catherine,Gove,Catherine Gove,Catherineg@gmail.com,099 Barnes Fort Apt. 949,3498,150,9
490132,Herbert,Katz,Herbert Katz,Herbertk@gmail.com,7937 Jeffrey Grove Suite 942,4980,160,1
130215,Perry,Little,Perry Little,Perryl@gmail.com,6878 Joshua Parkways,4620,173,0
630045,Kenneth,Serrano,Kenneth Serrano,Kenneths@gmail.com,319 Carter Crossing,3876,174,6
262499,Carol,Masters,Carol Masters,Carolm@gmail.com,06419 Ross Circles,2888,46,9
10083,Mark,Green,Mark Green,Markg@gmail.com,885 Destiny Tunnel,8124,89,4
563013,Mariann,James,Mariann James,Mariannj@gmail.com,6023 Roberts Mountains,3306,175,8
153030,Kirk,Siggers,Kirk Siggers,Kirks@gmail.com,945 Hayes Forest Suite 305,6029,176,9
202720,Mary,Okoye,Mary Okoye,Maryo@gmail.com,58251 Lindsay Spur,9363,2,1
785366,Juan,George,Juan George,Juang@gmail.com,844 Carol Turnpike,6828,177,2
579801,Jonathan,Valle,Jonathan Valle,Jonathanv@gmail.com,4571 Matthew Lodge,6867,110,1
273213,Karen,Rankin,Karen Rankin,Karenr@gmail.com,3340 Cain Extensions,6222,27,9
594305,David,Robinson,David Robinson,Davidr@gmail.com,32839 Owens Circles Apt. 482,7970,178,4
609207,Natalie,Minter,Natalie Minter,Nataliem@gmail.com,755 Nichols Valley Suite 680,5840,179,3
737274,Kayla,Rosseau,Kayla Rosseau,Kaylar@gmail.com,3104 Jacob Lodge Apt. 074,1839,116,2
647344,Brian,Oliver,Brian Oliver,Briano@gmail.com,3886 Casey Throughway Apt. 081,5659,151,1
79960,Marjorie,Winters,Marjorie Winters,Marjoriew@gmail.com,8352 Patrick Spurs,9885,162,2
961948,Charles,Girven,Charles Girven,Charlesg@gmail.com,38946 Lawrence Drive Suite 324,4412,7,0
347710,Robert,Jones,Robert Jones,Robertj@gmail.com,0901 Lisa Turnpike Suite 250,6068,176,4
440367,Michael,Carlozzi,Michael Carlozzi,Michaelc@gmail.com,5325 Wagner Greens,9188,110,7
258360,Steven,Wagers,Steven Wagers,Stevenw@gmail.com,44540 John Village,8227,21,1
643954,Theodore,Huckabaa,Theodore Huckabaa,Theodoreh@gmail.com,951 Madison Stravenue Suite 259,1945,179,1
816304,Laura,Maynor,Laura Maynor,Lauram@gmail.com,83859 Joanna Viaduct Suite 048,3062,180,1
510255,Dora,Griffith,Dora Griffith,Dorag@gmail.com,68426 Sullivan Burg Apt. 487,7391,181,0
542760,Frances,Smith,Frances Smith,Francess@gmail.com,000 Ford Ports,4418,182,0
776214,Terry,Jamieson,Terry Jamieson,Terryj@gmail.com,34584 Singh Mill,2827,67,5
563000,Jeanne,Boyce,Jeanne Boyce,Jeanneb@gmail.com,37783 Schroeder Terrace Suite 574,3553,13,0
446754,Diane,Iser,Diane Iser,Dianei@gmail.com,1570 Dougherty Lake,2228,118,1
758298,Virginia,Robinson,Virginia Robinson,Virginiar@gmail.com,868 Clinton Park Apt. 837,7810,92,1
824394,Marisol,Mizrahi,Marisol Mizrahi,Marisolm@gmail.com,84800 Carolyn Squares Apt. 645,9315,168,8
570331,Roy,Frank,Roy Frank,Royf@gmail.com,643 Kevin Track Apt. 480,3625,183,4
264485,Richard,Madsen,Richard Madsen,Richardm@gmail.com,0593 Anderson Ridge Suite 695,6274,184,6
966459,Martin,Chai,Martin Chai,Martinc@gmail.com,2904 Ramirez Drives Suite 288,4596,153,7
530942,Robert,Smith,Robert Smith,Roberts@gmail.com,1984 Dickerson Viaduct,2014,144,4
412305,Ronnie,Burbank,Ronnie Burbank,Ronnieb@gmail.com,78175 John Circle,9290,10,4
434674,Gordon,Perrella,Gordon Perrella,Gordonp@gmail.com,8208 Marshall Crest Suite 934,1971,27,8
910133,James,Smith,James Smith,Jamess@gmail.com,973 Michael Parkways,9961,75,9
528857,Mary,Goudreau,Mary Goudreau,Maryg@gmail.com,054 Williams Spring Apt. 422,6409,178,3
270637,Carey,Hammond,Carey Hammond,Careyh@gmail.com,7302 Jackson Views Suite 848,9090,44,1
18278,Joe,Fretwell,Joe Fretwell,Joef@gmail.com,599 Sarah Forges,6422,164,8
214555,Mildred,Mckinney,Mildred Mckinney,Mildredm@gmail.com,203 Simmons Inlet Suite 394,2592,185,3
676613,Sally,Sisk,Sally Sisk,Sallys@gmail.com,186 Valerie Islands Apt. 010,8417,87,4
309620,Thomas,Harkins,Thomas Harkins,Thomash@gmail.com,197 Kristin Mountains,7716,185,3
580418,Bradly,Waller,Bradly Waller,Bradlyw@gmail.com,0372 Cline Brook Apt. 631,4693,186,4
249825,Richard,Johnson,Richard Johnson,Richardj@gmail.com,393 Castillo Roads Apt. 610,9075,187,2
733269,James,Smith,James Smith,Jamess@gmail.com,79301 Berger Spurs Apt. 677,1199,188,8
428857,Christine,Buck,Christine Buck,Christineb@gmail.com,61486 Jones Unions,3218,65,4
416956,Cheryl,Winters,Cheryl Winters,Cherylw@gmail.com,087 Stevens Rapids Suite 624,2405,64,9
899774,Teresa,Maier,Teresa Maier,Teresam@gmail.com,2633 David Highway Apt. 389,5106,189,8
578260,Walter,Wagner,Walter Wagner,Walterw@gmail.com,941 Sutton Plaza Suite 627,1844,190,7
9313,Theresa,Provost,Theresa Provost,Theresap@gmail.com,8532 Nancy Isle,5131,112,8
79710,Robert,Lane,Robert Lane,Robertl@gmail.com,318 Taylor Isle Suite 658,1939,191,4
300460,Brian,Knorr,Brian Knorr,Briank@gmail.com,24436 Todd Stravenue,3525,54,5
960340,Irene,Sa,Irene Sa,Irenes@gmail.com,8519 Young Hills Suite 597,3473,67,8
679290,Rachel,Fisher,Rachel Fisher,Rachelf@gmail.com,9123 Michael Coves Apt. 211,3790,192,3
323547,Dorothy,Bailey,Dorothy Bailey,Dorothyb@gmail.com,9653 Shelby Estate Suite 591,2850,173,1
571508,Alice,Jack,Alice Jack,Alicej@gmail.com,047 Albert Walk,9440,193,5
464679,Kelly,Gomer,Kelly Gomer,Kellyg@gmail.com,8349 Walker Row Suite 495,2403,72,4
163077,Glenn,Evans,Glenn Evans,Glenne@gmail.com,278 Gomez Mews Suite 611,7726,180,4
930154,Charles,Martinez,Charles Martinez,Charlesm@gmail.com,6267 Frazier Canyon Apt. 727,6974,53,0
221060,Tiffany,Ellison,Tiffany Ellison,Tiffanye@gmail.com,03028 James Stravenue,5721,194,9
693680,Michael,Hockenberry,Michael Hockenberry,Michaelh@gmail.com,64605 Graves Summit,5020,160,7
25182,Catherine,Lamberton,Catherine Lamberton,Catherinel@gmail.com,408 Phyllis Crescent Suite 430,9769,62,4
506064,Stephan,Damon,Stephan Damon,Stephand@gmail.com,1054 Ross Circle Apt. 143,5294,123,7
888451,Linda,Aragon,Linda Aragon,Lindaa@gmail.com,1718 Cassandra Forge Apt. 889,7878,183,4
184908,Phillip,Rodriguez,Phillip Rodriguez,Phillipr@gmail.com,11048 Silva Forks Suite 768,6408,165,8
17635,Marsha,Zwick,Marsha Zwick,Marshaz@gmail.com,0775 Arias Ranch,2416,52,7
23879,Margaret,Fajardo,Margaret Fajardo,Margaretf@gmail.com,954 Kevin Cliffs Suite 963,9413,1,7
285056,John,Miller,John Miller,Johnm@gmail.com,279 Jennifer Prairie,8816,5,1
46875,Virginia,Desir,Virginia Desir,Virginiad@gmail.com,5504 Miller Freeway Apt. 840,9971,153,3
126786,James,Montiel,James Montiel,Jamesm@gmail.com,975 Williams Hollow,5709,59,9
704775,Madison,Cota,Madison Cota,Madisonc@gmail.com,6865 Thomas Run,3383,137,2
627277,Frank,Johnston,Frank Johnston,Frankj@gmail.com,89504 Tiffany Vista Apt. 394,6829,186,7
288772,Melinda,Barahona,Melinda Barahona,Melindab@gmail.com,29269 David Trail Suite 837,9836,182,4
642693,James,Kennedy,James Kennedy,Jamesk@gmail.com,9504 Kathleen Fields,9275,132,2
340947,Jacquelin,Swanson,Jacquelin Swanson,Jacquelins@gmail.com,9091 Harry Lights,7943,189,4
402044,Becky,Camille,Becky Camille,Beckyc@gmail.com,210 White Vista,9527,112,1
14515,Eric,Winters,Eric Winters,Ericw@gmail.com,6893 Thomas Mountain Apt. 120,7989,150,8
269975,Doris,Swearingen,Doris Swearingen,Doriss@gmail.com,0917 John Forest Apt. 324,7600,140,5
167867,Joseph,Cooper,Joseph Cooper,Josephc@gmail.com,832 Perez Glen Apt. 951,6316,195,1
122837,Cynthia,Rice,Cynthia Rice,Cynthiar@gmail.com,180 Nathan Station Apt. 877,8771,144,7
765847,Rickey,Clarke,Rickey Clarke,Rickeyc@gmail.com,53183 Davis Shoal,3078,83,9
391256,Jason,Wright,Jason Wright,Jasonw@gmail.com,6642 Wu Underpass,6165,181,5
241965,Carolyn,Arias,Carolyn Arias,Carolyna@gmail.com,916 Steven Radial,6004,5,3
329445,Lisa,Summers,Lisa Summers,Lisas@gmail.com,80872 Matthew Garden,9818,196,2
700311,Tammy,Beasley,Tammy Beasley,Tammyb@gmail.com,62909 Graham Turnpike Suite 713,9940,109,9
473194,Joanne,Williams,Joanne Williams,Joannew@gmail.com,28000 Cory Mill Suite 056,9409,177,6
163219,Nancy,Williams,Nancy Williams,Nancyw@gmail.com,65761 Shannon Stream,7067,6,1
936692,Karen,Paxton,Karen Paxton,Karenp@gmail.com,77975 Aguilar Island,3179,197,2
145717,Elizabeth,Weeden,Elizabeth Weeden,Elizabethw@gmail.com,653 Stephanie Field Suite 233,6432,113,7
136112,Crystal,Benjamin,Crystal Benjamin,Crystalb@gmail.com,8792 Kim Centers,3995,97,0
375680,Lyle,Brown,Lyle Brown,Lyleb@gmail.com,39767 Robert Tunnel,7828,60,8
321741,Frank,Hannaford,Frank Hannaford,Frankh@gmail.com,770 Caldwell Trail,5166,121,5
733825,Robert,Weinstein,Robert Weinstein,Robertw@gmail.com,877 Austin Radial,1580,144,0
842896,Sheila,Brown,Sheila Brown,Sheilab@gmail.com,20953 Carroll Islands,8711,165,2
135972,Marjorie,Skelly,Marjorie Skelly,Marjories@gmail.com,304 James Viaduct,7450,109,9
116393,Dovie,Applebury,Dovie Applebury,Doviea@gmail.com,43769 Howe Lock Apt. 210,7067,90,4
162473,Bobbie,Wagoner,Bobbie Wagoner,Bobbiew@gmail.com,7058 Tyler Shores Apt. 255,5357,7,1
998183,Fred,Wilson,Fred Wilson,Fredw@gmail.com,936 Nicole Rue,9550,88,3
691734,Myron,Arthur,Myron Arthur,Myrona@gmail.com,53877 Phillips Fort Suite 107,5092,110,7
403728,Burt,Lish,Burt Lish,Burtl@gmail.com,57800 Arnold Well Apt. 494,8040,28,9
782009,Robert,Haile,Robert Haile,Roberth@gmail.com,8134 Michael Dam,9960,166,5
413766,Norman,Winters,Norman Winters,Normanw@gmail.com,58142 Linda Plaza,6293,136,1
328307,Helen,Blackwell,Helen Blackwell,Helenb@gmail.com,111 Villa Vista,8691,17,4
6970,Jean,Decker,Jean Decker,Jeand@gmail.com,180 Allen Plaza,2613,32,4
692382,Noelle,Rice,Noelle Rice,Noeller@gmail.com,865 Walker Terrace,6873,198,9
446622,Patricia,Beeson,Patricia Beeson,Patriciab@gmail.com,95520 Madeline Ways,1790,154,5
889688,Francis,Hsiao,Francis Hsiao,Francish@gmail.com,0986 Elizabeth Village Apt. 489,8027,1,3
571834,Sara,Boston,Sara Boston,Sarab@gmail.com,784 Hughes Camp Apt. 924,5105,160,4
67983,Danny,Johnston,Danny Johnston,Dannyj@gmail.com,173 Hancock Cove,8943,6,4
915175,David,Brookshire,David Brookshire,Davidb@gmail.com,441 Shepard Club,7974,58,2
651298,Joseph,Bieker,Joseph Bieker,Josephb@gmail.com,8779 David Rue Apt. 975,1630,35,1
380552,Deborah,Zimmerman,Deborah Zimmerman,Deborahz@gmail.com,15097 Roberson Gateway Apt. 963,5758,2,1
726411,Patricia,Baker,Patricia Baker,Patriciab@gmail.com,21912 Richard Landing,4282,98,2
521398,Daniel,Sontag,Daniel Sontag,Daniels@gmail.com,4727 Evans Stream,7851,63,5
934601,Michele,Mcmillian,Michele Mcmillian,Michelem@gmail.com,826 Russell Underpass,6123,161,3
564372,Suzanne,Barber,Suzanne Barber,Suzanneb@gmail.com,186 Garner Harbors Apt. 246,5016,124,2
56356,Michael,Brown,Michael Brown,Michaelb@gmail.com,745 Wells Square,5316,166,2
941346,Paige,Metcalf,Paige Metcalf,Paigem@gmail.com,23573 Mark Ville,4454,150,0
575476,Mary,Simpson,Mary Simpson,Marys@gmail.com,5952 Nelson Club Apt. 641,1188,1,3
602196,Susan,Reed,Susan Reed,Susanr@gmail.com,641 Martin Ridge,9329,178,4
588754,Reginald,Yazzie,Reginald Yazzie,Reginaldy@gmail.com,90193 Mendez Falls,5887,199,2
172614,Walter,Withrow,Walter Withrow,Walterw@gmail.com,3104 Richard Keys,4685,187,9
487965,Opal,Nodine,Opal Nodine,Opaln@gmail.com,482 Sherman Keys Suite 351,2690,89,1
198037,Theodore,Wawrzyniak,Theodore Wawrzyniak,Theodorew@gmail.com,5625 Scott Glen Suite 336,8675,52,3
998433,Garret,Evans,Garret Evans,Garrete@gmail.com,6767 John Junctions,7988,114,5
21353,Lori,Hopson,Lori Hopson,Lorih@gmail.com,70598 Bond Squares Suite 779,4018,162,4
66682,Todd,Busby,Todd Busby,Toddb@gmail.com,88581 Hannah Mountains,8572,151,4
730730,David,Dempsey,David Dempsey,Davidd@gmail.com,38717 Frank Park Suite 405,4196,138,1
600508,Clyde,Stewart,Clyde Stewart,Clydes@gmail.com,215 Mcdonald View,1809,15,3
588078,Sigrid,Velez,Sigrid Velez,Sigridv@gmail.com,972 Ernest Motorway,2525,22,2
927748,Sharon,Dungey,Sharon Dungey,Sharond@gmail.com,26101 Michael Run,4511,200,5
625086,Kristen,Carrillo,Kristen Carrillo,Kristenc@gmail.com,757 Leah Flat,1423,164,2
942122,James,Lynch,James Lynch,Jamesl@gmail.com,530 Johnson Union Suite 889,3464,201,2
100193,Roger,Willis,Roger Willis,Rogerw@gmail.com,00733 Anthony Corners,8452,140,4
85247,Scarlett,Joe,Scarlett Joe,Scarlettj@gmail.com,17573 Jeremiah Union,6184,43,4
190397,Roger,Monroe,Roger Monroe,Rogerm@gmail.com,7015 Bowman Dam,7803,50,5
750297,Joshua,Hudson,Joshua Hudson,Joshuah@gmail.com,425 Black Trail Apt. 426,4704,111,3
70967,John,Hall,John Hall,Johnh@gmail.com,53284 Todd Turnpike,4833,103,1
291969,Emily,Wood,Emily Wood,Emilyw@gmail.com,571 Donald Parks,3238,81,9
445394,Richard,Cortez,Richard Cortez,Richardc@gmail.com,5208 Medina Springs Suite 205,3315,76,9
889159,Larry,Pickett,Larry Pickett,Larryp@gmail.com,42788 Warren Walk,9347,169,8
253481,Scott,Maldonado,Scott Maldonado,Scottm@gmail.com,3135 Cheryl Crossroad,2735,202,3
326852,James,Marshall,James Marshall,Jamesm@gmail.com,347 Anthony Summit,7425,143,4
894584,Bertha,Reyes,Bertha Reyes,Berthar@gmail.com,57670 Houston Stravenue,5503,203,1
568020,Debra,Mccalla,Debra Mccalla,Debram@gmail.com,33643 Kevin Canyon,9603,32,6
513075,Rafael,Wilson,Rafael Wilson,Rafaelw@gmail.com,838 Johnson Alley Apt. 841,4767,175,3
604190,Teri,Bell,Teri Bell,Terib@gmail.com,42807 Owens Coves Apt. 542,4505,204,0
527481,William,Siegel,William Siegel,Williams@gmail.com,2154 Renee Mountain Suite 008,9625,13,3
65915,Alfredo,Strohl,Alfredo Strohl,Alfredos@gmail.com,896 Hill Ways,9600,142,1
476962,Betty,Schultz,Betty Schultz,Bettys@gmail.com,396 Richardson Fall,5744,205,0
447870,John,Robinson,John Robinson,Johnr@gmail.com,314 Heidi Prairie,4533,205,9
924113,Betty,Kearney,Betty Kearney,Bettyk@gmail.com,21018 Troy Park,9367,125,4
736464,Steven,Mcnally,Steven Mcnally,Stevenm@gmail.com,0423 Valerie Well Suite 171,5873,103,1
690327,Max,Contreras,Max Contreras,Maxc@gmail.com,0817 Heather Neck,7466,107,4
236465,Brandi,Mendoza,Brandi Mendoza,Brandim@gmail.com,20926 Patricia Turnpike Suite 390,1087,150,5
500705,Michael,Sikorski,Michael Sikorski,Michaels@gmail.com,13710 Bradley Key,3882,3,8
559169,Matthew,Henry,Matthew Henry,Matthewh@gmail.com,91892 Michele Crest Apt. 587,8580,201,1
28344,Glenda,Gomez,Glenda Gomez,Glendag@gmail.com,832 Mullins Freeway Apt. 992,2389,164,8
211809,Louis,Green,Louis Green,Louisg@gmail.com,64951 Jessica Mountains Apt. 569,4765,61,8
426568,Nicholas,Drake,Nicholas Drake,Nicholasd@gmail.com,7784 Michelle Lights Apt. 983,9205,13,8
412514,Charlie,Fuchs,Charlie Fuchs,Charlief@gmail.com,66043 Kelly Lock Apt. 469,2284,187,2
986736,Tammy,Richard,Tammy Richard,Tammyr@gmail.com,6087 Evans Lodge Apt. 426,8836,157,9
565650,Donna,Patton,Donna Patton,Donnap@gmail.com,53122 Taylor Inlet Apt. 963,4474,88,7
920459,Amanda,Jackson,Amanda Jackson,Amandaj@gmail.com,712 Briana Squares Suite 962,9813,118,1
388943,Thomas,Beumer,Thomas Beumer,Thomasb@gmail.com,4616 Johnston Knoll Suite 139,8867,146,3
373908,Patricia,Goldwyn,Patricia Goldwyn,Patriciag@gmail.com,584 Shannon Streets Suite 673,5209,101,9
927194,Terry,Richard,Terry Richard,Terryr@gmail.com,1448 Robinson Shore Suite 417,6879,206,8
379109,Ruth,Sanchez,Ruth Sanchez,Ruths@gmail.com,367 Tony Islands Suite 237,8456,105,4
177980,Ruby,Ebeid,Ruby Ebeid,Rubye@gmail.com,34732 Hoffman Bridge Apt. 028,6242,177,9
795870,Peter,Mahan,Peter Mahan,Peterm@gmail.com,53684 Rebecca Lodge,7179,87,1
37304,Rodney,Benitez,Rodney Benitez,Rodneyb@gmail.com,111 Shelley Shore,4665,175,4
763957,Evelyn,Quinn,Evelyn Quinn,Evelynq@gmail.com,2753 Vance Cape,4887,171,3
646530,Rhonda,Douglas,Rhonda Douglas,Rhondad@gmail.com,3623 Johnson Islands,4468,41,9
370330,Patrick,Lyons,Patrick Lyons,Patrickl@gmail.com,8070 Ashley Village,2534,4,9
429574,Darryl,Thoren,Darryl Thoren,Darrylt@gmail.com,73198 Jesse Lodge Apt. 348,9988,150,3
356849,Vivian,Sanford,Vivian Sanford,Vivians@gmail.com,43134 Robert Stravenue,2777,3,4
905663,Kenneth,Brown,Kenneth Brown,Kennethb@gmail.com,85912 Austin Throughway Suite 535,4607,173,3
179551,Sherry,Johnson,Sherry Johnson,Sherryj@gmail.com,58345 Gilmore Pines Apt. 554,8883,199,2
980200,Deana,Thomas,Deana Thomas,Deanat@gmail.com,06597 Peter Prairie Apt. 277,4803,207,4
73787,Shannon,Iverson,Shannon Iverson,Shannoni@gmail.com,4015 Fields Vista Suite 171,6719,208,1
362188,Lawrence,Matteo,Lawrence Matteo,Lawrencem@gmail.com,9404 Donald Light Suite 634,7074,52,4
727942,Amy,Couchman,Amy Couchman,Amyc@gmail.com,48988 Reynolds Freeway Apt. 658,1062,161,1
332735,Ken,Patterson,Ken Patterson,Kenp@gmail.com,4288 Steven Terrace Suite 192,5731,101,1
645459,David,Fauver,David Fauver,Davidf@gmail.com,925 Wright Hollow Apt. 583,5565,89,1
226826,Ron,White,Ron White,Ronw@gmail.com,24691 Smith Overpass Apt. 240,5569,122,4
617622,Dan,Ward,Dan Ward,Danw@gmail.com,47557 Cross Circles,8224,165,2
816254,Diane,Cardwell,Diane Cardwell,Dianec@gmail.com,16535 Mendoza Inlet Apt. 781,8270,81,0
628357,Thomas,Richmond,Thomas Richmond,Thomasr@gmail.com,08452 Curtis Corner,9470,59,2
293123,James,Bryant,James Bryant,Jamesb@gmail.com,153 May Cliff,2594,209,0
989115,Matthew,Gonzales,Matthew Gonzales,Matthewg@gmail.com,8798 Jason Place,7065,11,8
990753,Amelia,Witmer,Amelia Witmer,Ameliaw@gmail.com,8505 Lori Plains,1345,173,7
611022,Dorothy,Gibbon,Dorothy Gibbon,Dorothyg@gmail.com,33259 Dillon Cliff Suite 236,3735,45,1
200533,Christina,Kubie,Christina Kubie,Christinak@gmail.com,55879 Steele Branch Apt. 364,6003,179,2
118567,Estela,Johnson,Estela Johnson,Estelaj@gmail.com,34150 Matthews Port Suite 216,9824,53,1
116328,Victor,Crawford,Victor Crawford,Victorc@gmail.com,3653 Justin Stravenue,8807,103,5
28270,Emma,Roberts,Emma Roberts,Emmar@gmail.com,67212 Mark Tunnel,1124,171,6
433554,Stacie,Krieger,Stacie Krieger,Staciek@gmail.com,509 Kelly Estate,9202,210,4
985987,Jina,Simpson,Jina Simpson,Jinas@gmail.com,068 Bond Ridge Suite 689,7494,191,4
556941,Richard,Brimage,Richard Brimage,Richardb@gmail.com,958 Williams Turnpike,2288,23,2
422105,Sean,Brisson,Sean Brisson,Seanb@gmail.com,778 Steven Pike Suite 075,3714,126,5
974435,Branden,Passe,Branden Passe,Brandenp@gmail.com,36148 Reynolds Mews,1902,105,5
52424,John,Nelson,John Nelson,Johnn@gmail.com,9975 Brittany Forge Apt. 598,7271,57,7
52853,Irvin,Winters,Irvin Winters,Irvinw@gmail.com,37920 Wallace Harbor Apt. 335,5940,45,5
813293,James,Uchida,James Uchida,Jamesu@gmail.com,029 Brown Oval Apt. 208,8766,155,1
669420,Maria,Hopkins,Maria Hopkins,Mariah@gmail.com,08267 Jimenez Tunnel,6971,73,4
230695,Sheryl,Lee,Sheryl Lee,Sheryll@gmail.com,8726 Alyssa Hill Apt. 157,4362,207,5
949142,Pedro,Rogers,Pedro Rogers,Pedror@gmail.com,97360 Sullivan Corners,6323,106,1
14967,Myron,Beard,Myron Beard,Myronb@gmail.com,496 Katie Plain Suite 592,6402,163,7
681970,Lawrence,Jones,Lawrence Jones,Lawrencej@gmail.com,38977 Cunningham Forks,8491,157,2
926072,John,Burnside,John Burnside,Johnb@gmail.com,1225 Johnson Spurs,8130,137,9
595689,Viva,Munger,Viva Munger,Vivam@gmail.com,234 Lorraine Drive,7734,64,6
403900,Liza,Davis,Liza Davis,Lizad@gmail.com,237 Ryan Wall,2697,85,0
682780,Evelyn,Johnson,Evelyn Johnson,Evelynj@gmail.com,34971 Kimberly Square Apt. 434,1292,144,0
650154,Maxine,Bak,Maxine Bak,Maxineb@gmail.com,89082 Hunt Ville,1140,192,0
395038,Ernesto,Cuffie,Ernesto Cuffie,Ernestoc@gmail.com,017 Johnson Landing,5055,50,5
250299,Christopher,Thompson,Christopher Thompson,Christophert@gmail.com,5256 Nunez Causeway,2014,20,4
971614,Robert,Jones,Robert Jones,Robertj@gmail.com,58730 Kayla Bridge Suite 953,7767,136,6
674873,Donita,Oneill,Donita Oneill,Donitao@gmail.com,72978 Marshall Bridge Apt. 584,5701,211,8
523316,Robert,Baldwin,Robert Baldwin,Robertb@gmail.com,554 Harris Pike,6000,73,1
509454,Jason,Brooks,Jason Brooks,Jasonb@gmail.com,060 Charles Lodge,6783,212,6
189887,Kevin,Kun,Kevin Kun,Kevink@gmail.com,69729 Chambers Unions Apt. 040,7090,186,2
821919,Robert,Maynard,Robert Maynard,Robertm@gmail.com,91108 Kimberly Stream Apt. 185,4978,200,7
508542,Henry,Duncan,Henry Duncan,Henryd@gmail.com,65245 Lisa Fort Suite 631,5094,67,4
34274,Samantha,Strickland,Samantha Strickland,Samanthas@gmail.com,5678 Derek Views,8917,20,2
276279,Amy,Zeller,Amy Zeller,Amyz@gmail.com,0318 Deborah Villages,5860,213,0
340704,Frank,Blecha,Frank Blecha,Frankb@gmail.com,442 Dwayne Spur Suite 766,5988,155,4
212910,Roger,Patterson,Roger Patterson,Rogerp@gmail.com,2720 Lisa Lodge Suite 132,7220,169,1
746103,Renee,Johnson,Renee Johnson,Reneej@gmail.com,17490 Bryant Route Apt. 525,2593,7,1
599175,Gloria,Ortiz,Gloria Ortiz,Gloriao@gmail.com,431 Lopez Mission Suite 411,6147,129,1
30270,Carl,Davidson,Carl Davidson,Carld@gmail.com,463 Wells Courts,2333,37,1
35975,Charles,Sims,Charles Sims,Charless@gmail.com,1533 Newman Mall,8108,133,2
553420,Barbara,Goetz,Barbara Goetz,Barbarag@gmail.com,6156 Aaron Prairie Apt. 490,8017,108,1
940551,Beverly,Ladieu,Beverly Ladieu,Beverlyl@gmail.com,62131 Franklin Garden,8224,191,4
994636,Joyce,Cross,Joyce Cross,Joycec@gmail.com,56021 Robin Mall Suite 590,2258,105,8
459493,Rosalie,Wolter,Rosalie Wolter,Rosaliew@gmail.com,323 Ramirez Walk Apt. 623,2775,53,5
991717,Felix,Donelson,Felix Donelson,Felixd@gmail.com,002 Mitchell Pines Suite 551,5530,97,9
370237,Virginia,Skidmore,Virginia Skidmore,Virginias@gmail.com,4546 Ramirez Unions Apt. 880,6618,145,8
832880,Nicole,Wolf,Nicole Wolf,Nicolew@gmail.com,308 Robert Greens Apt. 528,6055,189,1
68405,Angelina,Cancilla,Angelina Cancilla,Angelinac@gmail.com,14102 Mark Common,7381,44,7
839688,Andrew,Maglione,Andrew Maglione,Andrewm@gmail.com,83356 Kathleen Groves,1527,133,2
872247,Joshua,Siske,Joshua Siske,Joshuas@gmail.com,28776 Escobar Fort Suite 308,6749,85,5
726137,Christine,Robinson,Christine Robinson,Christiner@gmail.com,30949 Bradley Orchard,1257,214,1
81644,Louise,Johnson,Louise Johnson,Louisej@gmail.com,3424 Jones Parkways,6017,215,7
871968,Michael,Nicholson,Michael Nicholson,Michaeln@gmail.com,0133 Melissa Roads,1438,216,0
288931,Rory,Erickson,Rory Erickson,Rorye@gmail.com,2076 Richardson Creek,3901,217,4
236263,Matthew,Green,Matthew Green,Matthewg@gmail.com,2088 Victor Mews,9820,112,8
752303,Fred,Cantu,Fred Cantu,Fredc@gmail.com,054 Payne Turnpike,7150,163,2
842589,Erika,Robles,Erika Robles,Erikar@gmail.com,02925 Caroline Way Apt. 112,7930,161,8
540954,Nell,Kelly,Nell Kelly,Nellk@gmail.com,2695 Hunt Estates Apt. 628,5082,21,1
556039,Vonnie,Owens,Vonnie Owens,Vonnieo@gmail.com,813 Lee Spurs Suite 383,3916,141,6
217155,John,Courtney,John Courtney,Johnc@gmail.com,25520 Lara Drive Suite 511,6663,28,0
121296,Holly,Gehl,Holly Gehl,Hollyg@gmail.com,77081 Adrian Squares,9140,196,4
583733,Esperanza,Trinidad,Esperanza Trinidad,Esperanzat@gmail.com,9785 Brandon Loaf Suite 213,5036,161,0
483223,Howard,Dellano,Howard Dellano,Howardd@gmail.com,63165 Williams Vista,6908,191,6
303201,Dorethea,Powell,Dorethea Powell,Doretheap@gmail.com,330 Thomas Manor Apt. 712,6602,168,4
576440,Debi,Mcnelis,Debi Mcnelis,Debim@gmail.com,5745 Blake Underpass Apt. 964,5239,150,5
686862,Kenneth,Bishop,Kenneth Bishop,Kennethb@gmail.com,56362 Ellis Burg,9868,118,8
347447,Debbie,Whitlow,Debbie Whitlow,Debbiew@gmail.com,2507 Wendy Ridges Suite 094,6851,161,8
674560,Jonathan,Hillard,Jonathan Hillard,Jonathanh@gmail.com,28031 Moore Springs,8351,202,3
575782,Ashley,Doyle,Ashley Doyle,Ashleyd@gmail.com,759 Ramirez Orchard,9502,61,4
38866,Billie,Rushford,Billie Rushford,Billier@gmail.com,46629 Davidson Avenue,8000,163,5
922587,Weldon,Whetstone,Weldon Whetstone,Weldonw@gmail.com,28072 Gonzalez Branch Apt. 219,4483,218,4
292466,Felix,Spivey,Felix Spivey,Felixs@gmail.com,38498 Shannon Streets Suite 589,4223,24,5
821767,Mara,Stanfill,Mara Stanfill,Maras@gmail.com,65018 Hector Road,7232,181,4
960273,Donna,Dunfee,Donna Dunfee,Donnad@gmail.com,00603 Rangel Stream Apt. 904,5771,65,3
679769,Tina,Rushing,Tina Rushing,Tinar@gmail.com,4533 Weber View,5489,129,6
726541,Kevin,Marks,Kevin Marks,Kevinm@gmail.com,20670 Laurie Mount Apt. 290,7451,21,9
78803,Fern,Cavallaro,Fern Cavallaro,Fernc@gmail.com,6996 Stewart Spring Apt. 171,7234,217,1
1958,Stephanie,Johnson,Stephanie Johnson,Stephaniej@gmail.com,25797 Davis Shoal,2505,201,1
171697,Randy,Sutton,Randy Sutton,Randys@gmail.com,75535 Wheeler Streets,7697,73,8
338115,Tommy,Pierce,Tommy Pierce,Tommyp@gmail.com,2134 Krause Roads Suite 940,5893,47,7
260985,Darrell,Fields,Darrell Fields,Darrellf@gmail.com,311 Black Ridge Suite 969,5224,195,9
529604,Sheri,Hollis,Sheri Hollis,Sherih@gmail.com,30911 Byrd Loop Suite 979,3388,85,8
358928,Israel,Suarez,Israel Suarez,Israels@gmail.com,76065 Gutierrez Well Apt. 520,8453,219,5
427454,Jennifer,Fitch,Jennifer Fitch,Jenniferf@gmail.com,63953 Matthew Shoal Suite 358,3610,220,9
827424,Matthew,Rosi,Matthew Rosi,Matthewr@gmail.com,2957 Bush Village,2551,66,4
64325,Linda,Verner,Linda Verner,Lindav@gmail.com,785 Alvarez Via Suite 925,4578,159,3
872090,Eva,Rubin,Eva Rubin,Evar@gmail.com,3293 Melissa Lodge,1735,213,7
340540,Josefina,Carlton,Josefina Carlton,Josefinac@gmail.com,14536 Jason Way,7255,186,6
290614,Richard,Davidson,Richard Davidson,Richardd@gmail.com,09075 Charlotte Crossroad,7513,195,4
53727,Earl,Gillis,Earl Gillis,Earlg@gmail.com,090 Mccormick Camp,9917,23,4
904688,Dexter,Gonzalez,Dexter Gonzalez,Dexterg@gmail.com,406 Miranda Grove,5920,137,7
567120,Graciela,Markley,Graciela Markley,Gracielam@gmail.com,628 Deanna Glen Apt. 379,2134,45,3
933730,Leroy,Goldman,Leroy Goldman,Leroyg@gmail.com,2345 Fisher Mountains,6568,6,4
934499,Earnest,Kilgore,Earnest Kilgore,Earnestk@gmail.com,1397 Cline Loaf,5785,189,0
692349,Joseph,Lindley,Joseph Lindley,Josephl@gmail.com,687 Ruiz Lodge,6465,96,4
781987,Valarie,Butler,Valarie Butler,Valarieb@gmail.com,85206 Garrett Street,8370,204,8
761647,Vicki,Andre,Vicki Andre,Vickia@gmail.com,5011 Scott Inlet Suite 797,1874,124,8
228865,Dennis,Stillman,Dennis Stillman,Denniss@gmail.com,310 Ronnie Trail,9652,13,5
869119,Betty,Utley,Betty Utley,Bettyu@gmail.com,9916 Albert Shores,5592,39,4
437078,James,Coan,James Coan,Jamesc@gmail.com,650 Heather Inlet Suite 962,8835,221,1
38090,Miriam,Hubbard,Miriam Hubbard,Miriamh@gmail.com,150 Tiffany Extension,2786,213,4
295590,Jennifer,Lynch,Jennifer Lynch,Jenniferl@gmail.com,558 Scott Motorway Suite 874,2438,172,7
904883,Pamela,Butler,Pamela Butler,Pamelab@gmail.com,9444 Conway Plaza,3943,33,5
327079,Jennifer,Jones,Jennifer Jones,Jenniferj@gmail.com,76041 Hall Lock Apt. 568,8422,0,6
167858,Michelle,Worthington,Michelle Worthington,Michellew@gmail.com,49784 Kenneth Ports Suite 124,9514,149,9
951569,Carolina,Graham,Carolina Graham,Carolinag@gmail.com,65695 Veronica Overpass Suite 889,2871,20,2
898490,Zachariah,Wilson,Zachariah Wilson,Zachariahw@gmail.com,8410 Juan Crescent,1008,94,1
277849,Allison,Alexander,Allison Alexander,Allisona@gmail.com,966 Caitlyn Creek Suite 603,2848,218,0
788029,Gregg,Small,Gregg Small,Greggs@gmail.com,0695 Thompson Manor Apt. 793,5809,133,2
717284,Noble,Valles,Noble Valles,Noblev@gmail.com,23621 Lewis Viaduct,2797,48,0
247938,Kimberly,Parkhurst,Kimberly Parkhurst,Kimberlyp@gmail.com,2292 Steven Manor Apt. 886,1315,104,7
407011,Daniel,Grosbier,Daniel Grosbier,Danielg@gmail.com,9978 Jose Roads Apt. 389,9739,66,2
623896,Marcus,Morissette,Marcus Morissette,Marcusm@gmail.com,8432 Alvarado Loop,8586,149,2
909630,Peggy,Edwards,Peggy Edwards,Peggye@gmail.com,87489 Rodriguez Place,1729,176,1
726065,Ivan,Scully,Ivan Scully,Ivans@gmail.com,0854 Jones Club,9574,222,6
581337,Sandy,Flesher,Sandy Flesher,Sandyf@gmail.com,0888 Morgan Streets,2411,69,4
746471,Paul,Burke,Paul Burke,Paulb@gmail.com,2086 Boone Burg,8614,32,0
544578,Thomas,Ainsworth,Thomas Ainsworth,Thomasa@gmail.com,11931 Kelly Union Apt. 705,7012,99,8
789126,Mary,Bowden,Mary Bowden,Maryb@gmail.com,8136 Colin Spring Apt. 116,6817,46,1
878883,James,Martin,James Martin,Jamesm@gmail.com,0424 John Mill Suite 446,6628,130,4
749646,Susan,Ross,Susan Ross,Susanr@gmail.com,4060 Gordon Summit,7338,180,6
167619,Mary,Eller,Mary Eller,Marye@gmail.com,2050 Watson Mill Apt. 507,7500,91,4
362959,John,Ramirez,John Ramirez,Johnr@gmail.com,758 Jackson Knoll,6844,143,4
117260,Timothy,Smith,Timothy Smith,Timothys@gmail.com,34184 Jarvis Ways,2708,181,1
52993,Julie,Johnson,Julie Johnson,Juliej@gmail.com,0325 Christina Ways,3920,79,3
934076,Richard,Gordillo,Richard Gordillo,Richardg@gmail.com,20107 Henry Ways,5095,2,8
999733,Thomas,Tumlin,Thomas Tumlin,Thomast@gmail.com,550 Patel Plains,2238,119,4
759372,Violet,Fuller,Violet Fuller,Violetf@gmail.com,55760 Salinas Crossing Suite 792,8632,223,4
634186,Dorothy,Brown,Dorothy Brown,Dorothyb@gmail.com,933 Whitney Centers,5408,220,5
375308,Frank,Keshishian,Frank Keshishian,Frankk@gmail.com,70167 Vance Meadows,2792,45,3
83151,Leonard,Turner,Leonard Turner,Leonardt@gmail.com,479 Reid Crescent,4942,135,8
512980,James,Dykes,James Dykes,Jamesd@gmail.com,838 Vega Squares Apt. 020,5320,145,1
974184,Mary,Reising,Mary Reising,Maryr@gmail.com,6876 Harris Rapids,2618,0,4
840556,Sarah,Tickle,Sarah Tickle,Saraht@gmail.com,3599 Annette Squares Apt. 776,4271,191,5
86344,Robert,Mckinney,Robert Mckinney,Robertm@gmail.com,8346 Le Shoals,6028,124,0
22383,Shawn,Whitehouse,Shawn Whitehouse,Shawnw@gmail.com,783 Hall Centers Suite 691,2434,59,0
834128,Samantha,Eber,Samantha Eber,Samanthae@gmail.com,488 Cathy Point,1457,91,1
338715,Marilyn,Hudson,Marilyn Hudson,Marilynh@gmail.com,19773 Robertson Row,2644,160,8
833041,Jack,Legrand,Jack Legrand,Jackl@gmail.com,664 Rebecca Extension,2720,200,2
460343,Brian,Kahler,Brian Kahler,Briank@gmail.com,49939 Garcia Port,7488,149,1
566801,Devon,Garland,Devon Garland,Devong@gmail.com,87059 David Walk Suite 926,4317,220,5
391137,Dorothea,Cordial,Dorothea Cordial,Dorotheac@gmail.com,4269 Brian Well Apt. 526,1250,98,0
854484,Rhonda,Swearingen,Rhonda Swearingen,Rhondas@gmail.com,12956 Young Mall,5589,208,5
112661,Mark,Vitale,Mark Vitale,Markv@gmail.com,881 Danielle Lock Suite 299,3034,57,9
417703,Lula,Menendez,Lula Menendez,Lulam@gmail.com,6551 Murray Stravenue Suite 769,9564,207,1
537720,Kristen,Martin,Kristen Martin,Kristenm@gmail.com,31798 Richard Extensions Apt. 286,6488,40,1
709946,Michael,Linebarger,Michael Linebarger,Michaell@gmail.com,46036 Brian Ranch Suite 573,5563,128,4
97665,Justin,Giles,Justin Giles,Justing@gmail.com,7401 Shaw Corner Suite 922,2231,123,3
983078,Robert,Autrey,Robert Autrey,Roberta@gmail.com,5316 Latoya Trace Suite 993,1851,180,5
514407,Jason,James,Jason James,Jasonj@gmail.com,01817 Nixon Mission,5192,75,1
632276,Cindy,Battles,Cindy Battles,Cindyb@gmail.com,645 Melendez Union,1704,115,1
620504,Sammie,Gore,Sammie Gore,Sammieg@gmail.com,312 Brandon Forest,1816,117,7
214886,Gwendolyn,Gill,Gwendolyn Gill,Gwendolyng@gmail.com,753 Amanda Inlet Apt. 503,6718,42,0
659711,Amanda,Mendoza,Amanda Mendoza,Amandam@gmail.com,97982 Roberts Alley Apt. 648,5930,214,4
254518,William,Muniz,William Muniz,Williamm@gmail.com,286 Sandra Turnpike,9967,60,5
751152,William,Bailey,William Bailey,Williamb@gmail.com,50269 John Turnpike Apt. 630,9323,0,5
506071,Joey,Johnson,Joey Johnson,Joeyj@gmail.com,8404 Matthew Rapids,4288,95,4
825983,Caryn,Priestley,Caryn Priestley,Carynp@gmail.com,2415 Maria Drives Apt. 878,2896,51,6
192870,Rebecca,Long,Rebecca Long,Rebeccal@gmail.com,2583 Perry Greens,3106,223,1
745160,Claudia,Harter,Claudia Harter,Claudiah@gmail.com,72019 Williams Tunnel Apt. 122,7965,224,6
124849,Wan,Chandler,Wan Chandler,Wanc@gmail.com,41167 Christian Drive,3482,174,8
812448,Earl,Perez,Earl Perez,Earlp@gmail.com,76005 David Harbors,4562,130,4
758879,Gerard,Basey,Gerard Basey,Gerardb@gmail.com,306 House Mission,3611,224,3
741218,Kendrick,Jarvis,Kendrick Jarvis,Kendrickj@gmail.com,5770 Marcia Heights Apt. 142,3077,188,0
993884,Philip,Cash,Philip Cash,Philipc@gmail.com,10600 Moore Divide,5596,92,1
984643,Rosa,Urbaniak,Rosa Urbaniak,Rosau@gmail.com,23074 Amber Well,7715,127,1
914526,Margie,Banks,Margie Banks,Margieb@gmail.com,9764 Sheena Track Suite 484,2146,167,5
416751,Chad,Noakes,Chad Noakes,Chadn@gmail.com,444 Kelly Lodge,9102,17,8
613139,Leonard,Vaughn,Leonard Vaughn,Leonardv@gmail.com,7217 Mary Camp Suite 731,7085,46,1
472116,Kay,Hill,Kay Hill,Kayh@gmail.com,661 Andrew Station Apt. 012,1633,68,8
422793,Connie,Fennell,Connie Fennell,Connief@gmail.com,937 Joyce Brooks,3225,68,2
882836,Deborah,Roberson,Deborah Roberson,Deborahr@gmail.com,714 Thomas Locks Apt. 716,1664,22,1
952742,Krista,Foxworth,Krista Foxworth,Kristaf@gmail.com,010 Rivera Place,7342,225,8
98702,David,Castrellon,David Castrellon,Davidc@gmail.com,3981 Smith Via,6718,209,5
140351,William,Ferguson,William Ferguson,Williamf@gmail.com,0774 Christopher Keys Apt. 437,5474,28,8
944162,Samantha,Knauer,Samantha Knauer,Samanthak@gmail.com,106 Daniel Drive Apt. 824,6364,78,0
342780,Tommy,Vallejo,Tommy Vallejo,Tommyv@gmail.com,8941 Smith Manors,7687,226,7
689320,Christi,Strait,Christi Strait,Christis@gmail.com,9062 Mcdaniel Ramp,6675,8,4
213163,Richard,Palmer,Richard Palmer,Richardp@gmail.com,546 Charles Hollow Suite 867,4617,227,4
689315,Bret,Burnett,Bret Burnett,Bretb@gmail.com,64919 Henderson Skyway Suite 507,4929,130,1
200247,Gwyn,Staples,Gwyn Staples,Gwyns@gmail.com,3170 Beard Ford,8644,88,2
155885,Christopher,Hisey,Christopher Hisey,Christopherh@gmail.com,9665 Elizabeth Knoll Suite 590,1527,55,8
707063,Carol,Hilton,Carol Hilton,Carolh@gmail.com,719 Michael Estates,6414,209,4
294658,Grace,Page,Grace Page,Gracep@gmail.com,5882 Miranda Street,5233,175,4
92599,Abigail,Dickson,Abigail Dickson,Abigaild@gmail.com,4636 Susan Isle,6007,164,2
162382,Phyllis,Rios,Phyllis Rios,Phyllisr@gmail.com,212 Ronald Roads,5739,90,4
602738,Ann,Sweeney,Ann Sweeney,Anns@gmail.com,38067 Hunt Mountains Suite 122,5679,3,0
839531,Patrick,Duncan,Patrick Duncan,Patrickd@gmail.com,440 Peters Mission Apt. 378,3078,169,2
582301,Kathleen,Williams,Kathleen Williams,Kathleenw@gmail.com,697 Harris Road,3018,38,0
653028,Felicia,Moore,Felicia Moore,Feliciam@gmail.com,390 Taylor Center,8756,12,1
165315,Wilma,Walls,Wilma Walls,Wilmaw@gmail.com,052 Jacobs Flat,6882,175,7
403934,Jenifer,Myers,Jenifer Myers,Jeniferm@gmail.com,646 Paula Ferry Apt. 543,9185,42,6
920176,Evelyn,Brooks,Evelyn Brooks,Evelynb@gmail.com,08372 Lane Mountain Apt. 919,2989,189,4
625853,Marcia,Thomas,Marcia Thomas,Marciat@gmail.com,161 Jonathan Gateway Apt. 932,8924,218,3
28162,Richard,Goff,Richard Goff,Richardg@gmail.com,062 Shannon Field,4363,131,9
38714,Barry,Covington,Barry Covington,Barryc@gmail.com,1431 Alison Squares,3917,194,3
321075,Jeffrey,Douglass,Jeffrey Douglass,Jeffreyd@gmail.com,24005 Campbell Neck Suite 378,6679,186,7
623645,Ella,Jackson,Ella Jackson,Ellaj@gmail.com,174 Graves Land Apt. 693,3078,39,7
570792,Harold,Tucker,Harold Tucker,Haroldt@gmail.com,29257 Maxwell Shores Suite 747,9175,228,3
982701,Estella,Rose,Estella Rose,Estellar@gmail.com,75516 Jones Summit,1642,128,9
326896,Juanita,Summers,Juanita Summers,Juanitas@gmail.com,099 Justin Mission,6661,2,3
903444,Kimberly,Simpson,Kimberly Simpson,Kimberlys@gmail.com,44047 Joshua Unions,7577,33,3
366783,Amy,Isbell,Amy Isbell,Amyi@gmail.com,95528 Gregory Villages Apt. 743,7352,170,4
620661,Hester,Young,Hester Young,Hestery@gmail.com,947 Martin Mills,9989,66,1
69386,Mark,Vernon,Mark Vernon,Markv@gmail.com,88484 Jacobs Alley,2654,76,4
239686,Jill,Lovejoy,Jill Lovejoy,Jilll@gmail.com,19814 Reed Valleys Apt. 388,2596,132,4
557307,Sarah,Calderon,Sarah Calderon,Sarahc@gmail.com,88388 Shaw Estates Apt. 704,9965,229,2
393046,Tyler,Siewert,Tyler Siewert,Tylers@gmail.com,703 Barbara Glen Apt. 784,2455,214,9
220108,Michael,Tate,Michael Tate,Michaelt@gmail.com,76827 Estrada Canyon Apt. 861,3433,206,3
402456,Kenneth,Billups,Kenneth Billups,Kennethb@gmail.com,3540 John Isle,1648,162,1
75761,Maria,Wiedenheft,Maria Wiedenheft,Mariaw@gmail.com,2322 Munoz Knoll,6834,114,5
949976,Mary,Gustafson,Mary Gustafson,Maryg@gmail.com,5359 Jennifer Crescent,2124,113,1
720442,Maurice,Stangl,Maurice Stangl,Maurices@gmail.com,68649 Wright Causeway Suite 103,1537,139,4
656919,Thomas,Borchardt,Thomas Borchardt,Thomasb@gmail.com,9678 Ross Fords,7097,115,1
634951,Owen,Mcmillen,Owen Mcmillen,Owenm@gmail.com,2745 Bowen Prairie,7311,103,8
406462,Vicky,Dumlao,Vicky Dumlao,Vickyd@gmail.com,524 Bell Vista,4295,63,6
502541,Tina,Mckee,Tina Mckee,Tinam@gmail.com,80175 Kim Shoals Apt. 449,2398,57,1
611444,John,Smith,John Smith,Johns@gmail.com,2824 Anderson Well Suite 438,5650,21,2
270732,Ruth,Moore,Ruth Moore,Ruthm@gmail.com,7644 Casey Cliffs,5590,195,8
122237,Keith,Trumbore,Keith Trumbore,Keitht@gmail.com,50616 Kenneth Dale,4673,50,1
367515,Daniel,Walter,Daniel Walter,Danielw@gmail.com,55370 Mike Bridge,3235,139,8
229584,Paul,Naquin,Paul Naquin,Pauln@gmail.com,541 Haynes Extension Apt. 902,1043,91,8
570156,Patricia,Corrigan,Patricia Corrigan,Patriciac@gmail.com,411 Ryan Ramp Suite 726,6765,186,0
83450,Sebastian,Bryan,Sebastian Bryan,Sebastianb@gmail.com,019 Marissa Burgs,7809,230,4
85599,George,Carney,George Carney,Georgec@gmail.com,208 Austin Union Suite 795,9959,0,4
31618,Mary,Johnson,Mary Johnson,Maryj@gmail.com,70756 Kelly Club,6892,173,0
459004,Deloras,Irion,Deloras Irion,Delorasi@gmail.com,7759 Richard Landing,4416,222,7
581780,David,Ellis,David Ellis,Davide@gmail.com,52881 Chen Bypass Suite 404,1039,106,2
73588,Michael,Peak,Michael Peak,Michaelp@gmail.com,1344 Henderson Manor Suite 507,3829,231,5
995793,Karl,Timberlake,Karl Timberlake,Karlt@gmail.com,139 Justin Garden Apt. 763,9419,102,3
707896,Tamara,Gaines,Tamara Gaines,Tamarag@gmail.com,72819 Donald Hills,2681,27,4
577220,Eleanor,Crook,Eleanor Crook,Eleanorc@gmail.com,04625 Nicholas Dam,8602,85,8
149141,Patricia,Perkins,Patricia Perkins,Patriciap@gmail.com,664 Christopher Heights,1539,200,6
929631,Thomas,Evans,Thomas Evans,Thomase@gmail.com,508 Moyer Land Suite 385,1208,225,0
366320,Peter,Virtue,Peter Virtue,Peterv@gmail.com,69265 Luis Squares Suite 539,6041,201,3
847665,Quentin,Garrett,Quentin Garrett,Quenting@gmail.com,3073 Howard Crescent,9221,230,9
289899,John,Pointer,John Pointer,Johnp@gmail.com,7530 Fletcher Roads Suite 811,2727,206,4
439951,Jan,Rice,Jan Rice,Janr@gmail.com,2639 Sharon Stream,9536,36,1
239926,Kay,Helmer,Kay Helmer,Kayh@gmail.com,36169 Gonzalez Drive,5246,91,4
906386,Robert,Black,Robert Black,Robertb@gmail.com,18841 Mcmillan Villages,5330,68,6
383361,John,Stanley,John Stanley,Johns@gmail.com,033 Poole Garden Suite 623,2549,175,7
570234,Thomas,Stinchfield,Thomas Stinchfield,Thomass@gmail.com,69013 Jennifer Mills,4472,30,1
102061,Lisa,Ross,Lisa Ross,Lisar@gmail.com,7189 Sarah Pine,5522,110,6
844369,Lorraine,Barrett,Lorraine Barrett,Lorraineb@gmail.com,233 Jacobs Spring Suite 982,7483,149,4
858211,Pamela,Cobb,Pamela Cobb,Pamelac@gmail.com,6292 Erickson Expressway,3867,229,7
681256,Alexander,Kinsler,Alexander Kinsler,Alexanderk@gmail.com,37517 Christina Ville Apt. 917,3849,110,1
787295,Richard,Dutton,Richard Dutton,Richardd@gmail.com,3118 Mitchell Pike Apt. 593,8507,156,4
593162,Geraldine,Julien,Geraldine Julien,Geraldinej@gmail.com,801 Nicholson Burg Suite 926,9265,11,8
312677,Lori,Tabares,Lori Tabares,Lorit@gmail.com,52112 Mary Spurs Suite 979,7935,81,6
355672,Shelly,Crafford,Shelly Crafford,Shellyc@gmail.com,914 Jennifer Prairie Suite 645,6492,206,9
18521,Carlotta,Roberts,Carlotta Roberts,Carlottar@gmail.com,0933 Eric Brook Apt. 398,1257,9,0
848168,Alton,Roundtree,Alton Roundtree,Altonr@gmail.com,79145 Chad Islands,9018,132,9
533324,Steven,Ives,Steven Ives,Steveni@gmail.com,02633 Cindy Summit,9820,109,8
983268,Donna,Romero,Donna Romero,Donnar@gmail.com,00776 Odom Terrace,5733,180,5
141684,Victor,President,Victor President,Victorp@gmail.com,05141 Peck Island,7782,121,0
23052,Jacki,Whiteman,Jacki Whiteman,Jackiw@gmail.com,71114 Kenneth Corner,5878,131,8
285296,Elizabeth,Komara,Elizabeth Komara,Elizabethk@gmail.com,28201 Drake Port Suite 133,6178,100,8
884436,Gina,Ponce,Gina Ponce,Ginap@gmail.com,8470 Alejandra Light,1178,211,6
933534,Judy,Moreno,Judy Moreno,Judym@gmail.com,28611 Mallory Shoals,9885,135,2
761693,Johnny,Peterson,Johnny Peterson,Johnnyp@gmail.com,776 Lopez Prairie,5000,232,7
639149,Cecil,Fiscus,Cecil Fiscus,Cecilf@gmail.com,6666 Molina Forge,4747,230,4
91889,Margaret,Mcewen,Margaret Mcewen,Margaretm@gmail.com,6886 Nancy Courts Suite 691,6466,25,9
232126,Samuel,Garner,Samuel Garner,Samuelg@gmail.com,189 Chambers Mall,2268,40,1
92075,Ruth,Ashby,Ruth Ashby,Rutha@gmail.com,458 Matthew Station Apt. 491,6134,233,8
708228,Sandy,Schurz,Sandy Schurz,Sandys@gmail.com,490 Campbell Island,7986,226,5
348169,Bruce,Deiss,Bruce Deiss,Bruced@gmail.com,3403 Huynh Crescent,3045,186,6
668181,Barbara,Jones,Barbara Jones,Barbaraj@gmail.com,0995 Timothy Club Apt. 349,5756,70,6
251021,Ronda,Lusby,Ronda Lusby,Rondal@gmail.com,82713 Campbell Cove Apt. 327,3682,226,8
616468,Gail,Moore,Gail Moore,Gailm@gmail.com,7575 Erika Spring Apt. 419,3085,234,6
649319,Donald,Presley,Donald Presley,Donaldp@gmail.com,42376 Robert Roads,1172,61,4
391702,Michelle,Williams,Michelle Williams,Michellew@gmail.com,9915 Carlson Bypass,3216,110,2
208568,Julia,Donohue,Julia Donohue,Juliad@gmail.com,30101 Donaldson Mission,6133,220,1
307759,Todd,Swan,Todd Swan,Todds@gmail.com,376 Kevin Glens,2978,24,4
905594,Charlie,Joshua,Charlie Joshua,Charliej@gmail.com,4991 Dylan Parkway,1842,156,1
442502,Maxwell,Black,Maxwell Black,Maxwellb@gmail.com,765 Joshua Isle Apt. 836,3883,61,8
578324,Terry,Lee,Terry Lee,Terryl@gmail.com,802 Ewing Mountains,3395,82,9
425360,Mathew,Buck,Mathew Buck,Mathewb@gmail.com,3405 Hannah Common,2988,131,1
123015,Edward,Bowman,Edward Bowman,Edwardb@gmail.com,8863 Amanda Coves,9937,81,4
725300,Melissa,Farnam,Melissa Farnam,Melissaf@gmail.com,72857 Anita Flats Apt. 289,9039,41,4
920833,James,Pineda,James Pineda,Jamesp@gmail.com,747 Monica Ramp Apt. 112,7436,116,7
875710,Doug,Dalphonse,Doug Dalphonse,Dougd@gmail.com,81633 Alexander Ports Suite 992,2912,60,9
741205,Kyla,Cameron,Kyla Cameron,Kylac@gmail.com,2588 Nicholas Skyway,1525,52,4
44539,Willie,Taylor,Willie Taylor,Williet@gmail.com,90518 Harper Port,1143,35,6
794805,Richard,Boerger,Richard Boerger,Richardb@gmail.com,210 Moore Light,7278,192,4
26552,Dena,Toth,Dena Toth,Denat@gmail.com,674 Katrina Hill Suite 986,5244,235,5
458774,Terry,Oconnell,Terry Oconnell,Terryo@gmail.com,536 Smith Mills,5316,14,6
884239,Lance,Pickens,Lance Pickens,Lancep@gmail.com,44668 Jimmy Parkway Apt. 556,3606,4,9
24055,Sandra,Gurule,Sandra Gurule,Sandrag@gmail.com,2743 Mills Mountains Suite 799,2810,16,9
878664,Rafael,Elkins,Rafael Elkins,Rafaele@gmail.com,374 Annette Corners Apt. 229,1421,52,4
510488,Duane,Burdick,Duane Burdick,Duaneb@gmail.com,1764 Austin Shoals Apt. 691,2362,80,1
880037,William,Smith,William Smith,Williams@gmail.com,0258 David Overpass Apt. 283,8704,154,1
187177,Debra,Bryant,Debra Bryant,Debrab@gmail.com,82705 Davis Way,8308,116,8
575608,Edward,Galarza,Edward Galarza,Edwardg@gmail.com,69255 Castro Knoll,9083,85,7
926944,Mary,Fuller,Mary Fuller,Maryf@gmail.com,83866 Gutierrez Isle,2925,39,8
28605,Nicholas,Booker,Nicholas Booker,Nicholasb@gmail.com,734 Fleming Plaza Apt. 565,9423,69,7
57608,Robert,Gibney,Robert Gibney,Robertg@gmail.com,585 Blanchard Lock Apt. 144,5496,186,4
480084,Robert,Moor,Robert Moor,Robertm@gmail.com,777 Combs Brooks,2292,109,7
798559,Daniel,Browne,Daniel Browne,Danielb@gmail.com,408 Virginia Meadows Apt. 205,8875,236,7
818920,Sheree,Carswell,Sheree Carswell,Shereec@gmail.com,22549 Jasmine Mountain Suite 857,7610,106,1
508777,Trinidad,Mitchell,Trinidad Mitchell,Trinidadm@gmail.com,068 Deborah Walks Suite 964,2967,237,8
13206,Florence,Brewer,Florence Brewer,Florenceb@gmail.com,0004 Melissa Mill Apt. 021,2966,104,5
547809,Robert,Gilreath,Robert Gilreath,Robertg@gmail.com,639 Jenkins Street Apt. 277,5814,81,1
898811,Jack,Walker,Jack Walker,Jackw@gmail.com,3346 Andrew Courts,1129,25,0
941432,Derrick,Britt,Derrick Britt,Derrickb@gmail.com,98566 Torres Throughway Apt. 234,3221,173,1
881952,Walter,Johnson,Walter Johnson,Walterj@gmail.com,56222 Stephanie Flat,1441,88,2
892274,Collin,Jackson,Collin Jackson,Collinj@gmail.com,01873 Avila Land,6887,101,1
330869,Sherie,Schepker,Sherie Schepker,Sheries@gmail.com,1953 Smith Prairie,8501,120,3
151765,Hattie,Whitener,Hattie Whitener,Hattiew@gmail.com,31903 Buchanan Vista,5952,177,5
456543,Matthew,Ferguson,Matthew Ferguson,Matthewf@gmail.com,199 Joshua Vista,2181,17,8
657491,Amanda,Esquivel,Amanda Esquivel,Amandae@gmail.com,477 Parker Neck Suite 347,5666,118,6
139493,Donald,Schroder,Donald Schroder,Donalds@gmail.com,6155 Shawn Via Suite 718,7801,101,4
349849,Stanley,Mckee,Stanley Mckee,Stanleym@gmail.com,706 Arthur Key Apt. 482,2193,230,1
811378,Richard,Ordonez,Richard Ordonez,Richardo@gmail.com,29513 Emily Port Suite 916,7564,134,4
766875,Sandra,Worthy,Sandra Worthy,Sandraw@gmail.com,74029 Dalton Crescent Apt. 595,8540,130,2
507266,Michael,Lopez,Michael Lopez,Michaell@gmail.com,83138 Daniel Inlet,9083,45,4
869897,Ashley,Redman,Ashley Redman,Ashleyr@gmail.com,8581 Jose Overpass,1306,32,3
353483,John,White,John White,Johnw@gmail.com,70021 Alejandra Prairie,2644,106,1
942052,Robin,Tabor,Robin Tabor,Robint@gmail.com,307 Catherine Place,9273,91,7
181545,Dewey,Howard,Dewey Howard,Deweyh@gmail.com,34351 Dustin Rapid Suite 712,1311,120,1
145758,Peter,Lewin,Peter Lewin,Peterl@gmail.com,63720 David Trace,1178,221,7
344236,Sirena,Lujan,Sirena Lujan,Sirenal@gmail.com,9386 Alicia Fork,3170,188,4
28517,Mark,Konon,Mark Konon,Markk@gmail.com,7696 Burton Forks,6691,147,4
603213,Mark,Morgan,Mark Morgan,Markm@gmail.com,488 Gloria Mount,2658,1,8
396094,Helen,Mcclintock,Helen Mcclintock,Helenm@gmail.com,2039 Karen Ranch Suite 526,2733,147,6
449662,Jona,Bigelow,Jona Bigelow,Jonab@gmail.com,32812 Peterson Shore Apt. 850,7705,168,0
127078,Claribel,Matthews,Claribel Matthews,Claribelm@gmail.com,72126 Lucas Alley Suite 983,4446,6,9
887192,Alvin,Hopper,Alvin Hopper,Alvinh@gmail.com,13608 Elizabeth Trail,3648,44,1
295843,Christina,Acevedo,Christina Acevedo,Christinaa@gmail.com,1903 Victor Drives,5360,177,6
545269,Robert,Liv,Robert Liv,Robertl@gmail.com,05735 Wendy Orchard Apt. 217,6603,54,6
468033,Maureen,Prescott,Maureen Prescott,Maureenp@gmail.com,43516 Green Bridge,2499,238,7
667751,Donna,Starrett,Donna Starrett,Donnas@gmail.com,0312 Powell Lane Apt. 597,9910,142,4
501341,Patricia,Anderson,Patricia Anderson,Patriciaa@gmail.com,0815 Brandon Court,7096,74,1
216204,Gerald,Hernandez,Gerald Hernandez,Geraldh@gmail.com,86666 Wright Falls Suite 521,4229,128,6
215807,Malcolm,Myers,Malcolm Myers,Malcolmm@gmail.com,8746 Heath Meadows,7314,43,1
416696,John,Carleton,John Carleton,Johnc@gmail.com,6903 Carrie Crescent Apt. 669,3667,140,4
283717,Michael,Perry,Michael Perry,Michaelp@gmail.com,2906 Scott Point,5520,214,0
483814,Scott,Sprague,Scott Sprague,Scotts@gmail.com,850 Brooks Prairie,2644,9,4
194135,Mitchell,Newman,Mitchell Newman,Mitchelln@gmail.com,7784 Rhonda Mall,9962,76,0
711210,Diane,Evans,Diane Evans,Dianee@gmail.com,41307 White Expressway Suite 238,6031,13,7
869668,Paul,Nazario,Paul Nazario,Pauln@gmail.com,236 Kelly Cove,5623,142,6
963557,Emma,Delbosque,Emma Delbosque,Emmad@gmail.com,34867 Rachel Common Apt. 309,7085,24,1
572858,Mable,Larsen,Mable Larsen,Mablel@gmail.com,9753 Danny Lane,6563,221,4
671652,Sam,Fossum,Sam Fossum,Samf@gmail.com,6244 Mueller Views,6175,238,8
913042,Elias,Mannon,Elias Mannon,Eliasm@gmail.com,72183 Stephanie Track,3067,160,1
753904,Brett,Perkins,Brett Perkins,Brettp@gmail.com,712 Lara Via,9152,50,6
696244,Jack,Knight,Jack Knight,Jackk@gmail.com,12643 Navarro Hills Suite 502,7343,5,8
501873,Joseph,Webb,Joseph Webb,Josephw@gmail.com,46904 Davis Parkway Suite 387,5316,213,5
778547,Johnathon,Robinson,Johnathon Robinson,Johnathonr@gmail.com,687 Marshall Inlet,1534,31,8
414769,Marie,Ducksworth,Marie Ducksworth,Maried@gmail.com,9839 Williams Station,8552,98,0
38762,Patrick,Majors,Patrick Majors,Patrickm@gmail.com,77318 Martinez Manors,4240,224,0
18645,Dona,Briney,Dona Briney,Donab@gmail.com,9555 Taylor Common,2543,193,8
209644,Matthew,Gibson,Matthew Gibson,Matthewg@gmail.com,28987 Steven Cape,2374,197,7
142222,Austin,Harris,Austin Harris,Austinh@gmail.com,092 Mendoza Streets Suite 418,3542,118,7
536027,Leslie,Mack,Leslie Mack,Lesliem@gmail.com,4034 Kristy Views,7548,172,5
800012,Lori,Newsom,Lori Newsom,Lorin@gmail.com,9464 Chan Glens Suite 317,5913,201,4
512061,Rosa,Martinez,Rosa Martinez,Rosam@gmail.com,83669 Jennifer Stream Apt. 267,2215,68,4
432572,Gladys,Hamlin,Gladys Hamlin,Gladysh@gmail.com,462 Ayers Valleys Suite 779,1036,35,0
447004,Mary,Marshall,Mary Marshall,Marym@gmail.com,376 Wilcox Summit Apt. 392,8172,154,1
959268,Antonio,Fleischmann,Antonio Fleischmann,Antoniof@gmail.com,88461 Chavez Squares Apt. 794,8989,202,2
565125,Lloyd,Morris,Lloyd Morris,Lloydm@gmail.com,97107 Barton Roads,6024,162,7
914600,Nancy,Dobbs,Nancy Dobbs,Nancyd@gmail.com,1072 Castaneda Trafficway,5567,117,0
419208,William,Tubb,William Tubb,Williamt@gmail.com,5453 Amy Via Suite 658,2404,44,1
364509,Edward,Williams,Edward Williams,Edwardw@gmail.com,762 Montgomery Highway Apt. 909,1044,153,8
285236,Gregory,Pepper,Gregory Pepper,Gregoryp@gmail.com,30926 Jerry Islands,5440,70,9
161904,Joseph,Anderson,Joseph Anderson,Josepha@gmail.com,8141 Reed Inlet,5793,119,0
648346,Zenaida,Taylor,Zenaida Taylor,Zenaidat@gmail.com,55615 Christopher Viaduct Apt. 511,4874,136,9
534112,Jose,Mora,Jose Mora,Josem@gmail.com,2011 Thomas Isle Suite 473,1769,138,6
179834,Guy,Kidd,Guy Kidd,Guyk@gmail.com,79963 Greer Junction Suite 225,1857,42,9
488553,Willie,Baker,Willie Baker,Willieb@gmail.com,214 Clayton Way,5691,219,5
661768,David,Felix,David Felix,Davidf@gmail.com,623 Campbell Inlet,9034,67,4
97515,Johnathan,Karasti,Johnathan Karasti,Johnathank@gmail.com,59124 Hernandez Mountain,8239,77,5
694406,Gregg,Tallent,Gregg Tallent,Greggt@gmail.com,3296 Schmidt Shore Apt. 363,3699,16,7
760001,Adam,Taylor,Adam Taylor,Adamt@gmail.com,83119 Ellis Curve,7769,55,2
353422,Guadalupe,Hughes,Guadalupe Hughes,Guadalupeh@gmail.com,441 James Haven Suite 532,6722,208,4
300740,Luis,Oneal,Luis Oneal,Luiso@gmail.com,34267 Rachel Throughway Apt. 603,1024,101,4
920309,Latoya,Carter,Latoya Carter,Latoyac@gmail.com,719 Turner Crossroad,4555,42,4
640140,Mary,Clerc,Mary Clerc,Maryc@gmail.com,59635 Jacob Place,1476,79,3
858361,John,Jimenez,John Jimenez,Johnj@gmail.com,2077 Holmes Ridges,6054,183,3
755801,Karen,Solis,Karen Solis,Karens@gmail.com,803 James Estates Suite 937,5570,29,5
871643,Nancy,Bangert,Nancy Bangert,Nancyb@gmail.com,5520 Carr Ports,1451,14,9
755209,Franklin,Williams,Franklin Williams,Franklinw@gmail.com,81320 Jamie Valley,3799,204,9
332500,Nilda,Brown,Nilda Brown,Nildab@gmail.com,7422 Newton Avenue Suite 023,5939,34,7
756082,Flor,Young,Flor Young,Flory@gmail.com,336 Hicks Extension,7727,30,3
389338,John,Richardson,John Richardson,Johnr@gmail.com,6973 Rojas Junction Apt. 287,6720,217,7
970487,Christopher,Atkinson,Christopher Atkinson,Christophera@gmail.com,510 Alexandra Ramp Suite 746,7762,103,8
545117,Jacinta,Wingham,Jacinta Wingham,Jacintaw@gmail.com,017 Warren Circles,4811,63,2
505340,Bryant,Doverspike,Bryant Doverspike,Bryantd@gmail.com,7256 Turner Trail Apt. 595,9743,157,5
354240,Leonard,Jensen,Leonard Jensen,Leonardj@gmail.com,31110 Duncan Stream Suite 561,9750,139,3
758548,Terrence,Larson,Terrence Larson,Terrencel@gmail.com,845 Gray River Apt. 665,6334,203,0
444231,John,Trainor,John Trainor,Johnt@gmail.com,15076 Dawson Ville Suite 816,2417,76,1
564699,John,Hixon,John Hixon,Johnh@gmail.com,99966 Johnson Locks Apt. 687,9175,149,0
770372,Evelyn,Sweeney,Evelyn Sweeney,Evelyns@gmail.com,044 Ellison Terrace,9832,145,7
454543,Elizabeth,Allred,Elizabeth Allred,Elizabetha@gmail.com,74292 Jennifer Knolls Suite 502,3243,17,2
841150,Robert,Haugen,Robert Haugen,Roberth@gmail.com,12607 Amy Oval,5637,71,6
556512,Benjamin,Hughes,Benjamin Hughes,Benjaminh@gmail.com,4150 Jessica Squares Apt. 713,6870,23,7
74290,Kimberly,Bontrager,Kimberly Bontrager,Kimberlyb@gmail.com,16537 Kirk Place,7901,232,9
268962,Evelyn,Mcbride,Evelyn Mcbride,Evelynm@gmail.com,18363 Black Brook Suite 130,3902,127,4
486113,Joshua,Wilson,Joshua Wilson,Joshuaw@gmail.com,6002 Isabella Pike,3899,72,9
563444,Jerry,Queen,Jerry Queen,Jerryq@gmail.com,42409 Graham Creek,2324,204,7
650471,Olga,Barnes,Olga Barnes,Olgab@gmail.com,9862 Vazquez Branch,1218,154,0
789402,Sally,Hodnett,Sally Hodnett,Sallyh@gmail.com,6398 Michael Estate,3004,16,5
989442,Thomas,Cornwell,Thomas Cornwell,Thomasc@gmail.com,622 Suzanne Lodge,7219,77,5
741280,Betty,Gottschalk,Betty Gottschalk,Bettyg@gmail.com,364 Victoria Radial,3372,193,9
355300,Scott,Howard,Scott Howard,Scotth@gmail.com,749 Stafford Avenue Suite 963,7147,95,3
338149,Marilyn,Eagle,Marilyn Eagle,Marilyne@gmail.com,691 Steven Roads Suite 129,1098,180,3
659706,Derrick,Sturm,Derrick Sturm,Derricks@gmail.com,518 Samantha Trail Apt. 573,7097,52,2
599399,Alicia,Lewis,Alicia Lewis,Alicial@gmail.com,65501 Reid Creek Suite 996,1838,57,1
373028,Jesse,Oneal,Jesse Oneal,Jesseo@gmail.com,1614 Owens Streets Apt. 109,9967,189,2
795069,Maurice,Alvarez,Maurice Alvarez,Mauricea@gmail.com,895 Melissa Point,1550,209,8
62400,Joseph,Belcher,Joseph Belcher,Josephb@gmail.com,08905 Amanda Alley,7576,70,1
610689,Ethan,Fregoso,Ethan Fregoso,Ethanf@gmail.com,994 Brock Road Apt. 728,2828,90,0
418508,Philip,Crimmins,Philip Crimmins,Philipc@gmail.com,573 Gill Falls Suite 139,2409,53,4
87738,Larry,Smith,Larry Smith,Larrys@gmail.com,5710 Dana Unions Apt. 808,9905,97,9
879418,Angela,Nguyen,Angela Nguyen,Angelan@gmail.com,8188 Fox Hill,4843,205,1
370656,Gordon,Bradbury,Gordon Bradbury,Gordonb@gmail.com,24526 Jessica Passage,8759,192,2
330159,Donna,Tipton,Donna Tipton,Donnat@gmail.com,88835 Kurt Manor,5317,39,2
879429,Frank,Stacy,Frank Stacy,Franks@gmail.com,6762 Amanda Mount Apt. 611,4324,107,7
680701,Mary,Zapata,Mary Zapata,Maryz@gmail.com,850 Marcus Springs Suite 487,8640,185,1
611259,Wanda,Barrickman,Wanda Barrickman,Wandab@gmail.com,8139 Simpson Plaza Apt. 328,6814,156,5
766621,Kristina,Stolar,Kristina Stolar,Kristinas@gmail.com,29329 Anna Mission Suite 569,7144,30,6
213566,Esther,Morrison,Esther Morrison,Estherm@gmail.com,7232 Colin Alley Apt. 685,2843,37,4
62785,Tiffany,Price,Tiffany Price,Tiffanyp@gmail.com,0541 Hoover Shore Apt. 807,9015,116,5
977243,Laura,Bradshaw,Laura Bradshaw,Laurab@gmail.com,010 Smith Highway Apt. 617,3499,70,4
366765,Alma,Beaulieu,Alma Beaulieu,Almab@gmail.com,698 Rodgers Key Apt. 353,6347,228,9
103281,Mary,Frances,Mary Frances,Maryf@gmail.com,3186 Andrew Squares,6800,42,6
862860,Frank,Freeman,Frank Freeman,Frankf@gmail.com,0488 Raymond Crescent,7111,154,5
527017,Dante,Ziebarth,Dante Ziebarth,Dantez@gmail.com,4026 Nicole Field,2439,239,0
594861,Graham,Quilty,Graham Quilty,Grahamq@gmail.com,18490 Anderson Locks Apt. 701,9014,189,0
628767,Larry,Spickard,Larry Spickard,Larrys@gmail.com,281 Anthony Unions,5181,73,4
695576,Robert,Maxwell,Robert Maxwell,Robertm@gmail.com,76949 Brown Manors Apt. 458,3960,108,5
850933,Margaret,Webre,Margaret Webre,Margaretw@gmail.com,0162 Matthew Islands Suite 761,2822,117,4
250177,Barbara,Devoll,Barbara Devoll,Barbarad@gmail.com,81051 Nathan Burg Apt. 782,1950,184,4
807618,Carrie,Campbell,Carrie Campbell,Carriec@gmail.com,55086 Rebecca Locks,9814,215,8
3091,Richard,Reed,Richard Reed,Richardr@gmail.com,9063 Walker Shoals Apt. 124,1280,65,4
102226,Ellen,Eike,Ellen Eike,Ellene@gmail.com,95827 Estes Branch,8987,240,4
77058,Victor,Nguyen,Victor Nguyen,Victorn@gmail.com,4912 Ruiz Extensions Suite 839,5298,172,5
943527,Sarah,Stalcup,Sarah Stalcup,Sarahs@gmail.com,6061 Smith Turnpike,2912,204,3
897170,Sharon,Dunn,Sharon Dunn,Sharond@gmail.com,181 Munoz Lock,6220,136,3
330540,Joel,Withers,Joel Withers,Joelw@gmail.com,410 Russell Squares,7891,98,6
170577,Victoria,Reavis,Victoria Reavis,Victoriar@gmail.com,90238 Andrea Center,7325,129,8
433952,Terrance,Copeland,Terrance Copeland,Terrancec@gmail.com,263 Cynthia Via Apt. 742,4987,214,1
146425,Alethia,Gonzalez,Alethia Gonzalez,Alethiag@gmail.com,73566 Erika Mission,3214,111,1
847457,Lorna,Nickell,Lorna Nickell,Lornan@gmail.com,82583 Morris Hollow Suite 680,4725,43,9
871581,Mary,Castaneda,Mary Castaneda,Maryc@gmail.com,74128 Green Run Suite 324,9643,184,4
37550,Brent,Herrel,Brent Herrel,Brenth@gmail.com,1350 Jessica Trafficway Suite 460,5136,154,2
969102,Kenneth,Basbas,Kenneth Basbas,Kennethb@gmail.com,082 Roy Mews Suite 518,5563,240,1
580541,Cleveland,Belka,Cleveland Belka,Clevelandb@gmail.com,1672 Sarah Mills Apt. 818,9014,237,1
425443,Dwight,Corbin,Dwight Corbin,Dwightc@gmail.com,525 Jones Crossroad,8069,134,6
6444,Javier,Jordan,Javier Jordan,Javierj@gmail.com,288 Ho Island,5798,140,3
503343,Barbara,Hudson,Barbara Hudson,Barbarah@gmail.com,174 Morris Track,9470,52,1
452441,Jonathan,Vonsoosten,Jonathan Vonsoosten,Jonathanv@gmail.com,7122 Marks Trace,9490,176,4
123612,Jeremiah,Moore,Jeremiah Moore,Jeremiahm@gmail.com,2603 Evan Walk,2005,119,1
108844,Elena,Koch,Elena Koch,Elenak@gmail.com,9285 Spencer Lock,1291,132,8
906597,Elizabeth,King,Elizabeth King,Elizabethk@gmail.com,50415 Yvonne Mews Suite 695,6184,4,1
210893,Julie,Huff,Julie Huff,Julieh@gmail.com,712 White Wells,2914,151,4
90827,Carolyn,Jones,Carolyn Jones,Carolynj@gmail.com,858 Martin Junctions Suite 578,8765,158,3
226237,Ronald,Poitra,Ronald Poitra,Ronaldp@gmail.com,9010 Robbins Groves,4891,191,4
618007,Betty,Young,Betty Young,Bettyy@gmail.com,96048 Garcia Squares,6889,206,0
841448,John,Snowden,John Snowden,Johns@gmail.com,7783 Cheryl Row,1775,35,4
92851,James,Virgil,James Virgil,Jamesv@gmail.com,217 Mary Flat,3867,224,7
198371,Samantha,Polowy,Samantha Polowy,Samanthap@gmail.com,32942 Moore Well,4201,130,5
212718,Holly,Swanner,Holly Swanner,Hollys@gmail.com,8618 Michael Lakes Suite 412,8958,46,7
202923,Roseanne,Smith,Roseanne Smith,Roseannes@gmail.com,5230 Daniel Inlet,6135,177,0
139312,Michael,Swan,Michael Swan,Michaels@gmail.com,12649 Allen Pass Apt. 135,1341,152,5
315221,Amy,Mcclurg,Amy Mcclurg,Amym@gmail.com,54436 Martinez Course,4868,212,9
272051,Tony,Howley,Tony Howley,Tonyh@gmail.com,7016 Joshua Road Apt. 623,3425,183,3
155862,Dorothy,Studivant,Dorothy Studivant,Dorothys@gmail.com,365 Hodges Village Suite 298,4488,62,4
598580,Yan,Hutchinson,Yan Hutchinson,Yanh@gmail.com,1723 Kenneth Haven Apt. 067,3459,35,4
687703,Brian,Bleau,Brian Bleau,Brianb@gmail.com,46045 Angela Drive Apt. 583,2957,120,8
267490,Mildred,Mcghee,Mildred Mcghee,Mildredm@gmail.com,12822 Jessica Key Suite 354,5472,225,0
106163,Lillian,Elder,Lillian Elder,Lilliane@gmail.com,668 Nolan Avenue,1385,161,9
695455,Jose,Wolf,Jose Wolf,Josew@gmail.com,7169 Lewis Springs Apt. 881,1306,192,7
994216,Jesus,Mangini,Jesus Mangini,Jesusm@gmail.com,29921 Rachel Key,2835,132,4
29057,Sarah,Lee,Sarah Lee,Sarahl@gmail.com,1980 Willie Village,4629,74,2
566029,Douglas,Terry,Douglas Terry,Douglast@gmail.com,312 Penny Drives Apt. 786,3457,59,6
138379,Mary,Kanoy,Mary Kanoy,Maryk@gmail.com,0805 Scott Rapids Suite 223,6471,37,0
317406,Julia,Dunn,Julia Dunn,Juliad@gmail.com,3942 Jones Port,6502,182,1
527734,Emery,Waters,Emery Waters,Emeryw@gmail.com,4622 Kimberly Stream Suite 931,1718,237,8
485749,Angela,Dingle,Angela Dingle,Angelad@gmail.com,81404 Jackson Fords,1312,103,1
581120,Gertrude,Ricketts,Gertrude Ricketts,Gertruder@gmail.com,73065 Marc Ports Suite 094,3019,52,4
347222,Gary,Tyler,Gary Tyler,Garyt@gmail.com,29030 Stephens Springs Suite 300,4840,17,7
776037,Linda,Carter,Linda Carter,Lindac@gmail.com,8897 Daniel Neck Apt. 631,5918,124,1
684337,Cheryl,Orton,Cheryl Orton,Cherylo@gmail.com,646 Chase Ramp,7499,4,2
745683,Miriam,Lockhart,Miriam Lockhart,Miriaml@gmail.com,5151 Vance Groves,5390,185,5
594108,Sharon,Garcia,Sharon Garcia,Sharong@gmail.com,86803 Munoz Mountain Apt. 282,1444,84,1
339438,David,Neely,David Neely,Davidn@gmail.com,244 Farmer Creek Suite 608,9148,150,4
739668,Edward,Mcdearmont,Edward Mcdearmont,Edwardm@gmail.com,2657 Colton Isle Apt. 675,9207,225,4
136886,Jennifer,Bird,Jennifer Bird,Jenniferb@gmail.com,15395 Hernandez Fort Suite 067,5540,54,9
316068,Roderick,Pacheco,Roderick Pacheco,Roderickp@gmail.com,556 Misty Mountain Suite 925,4047,2,1
140356,Alfred,Rodriguez,Alfred Rodriguez,Alfredr@gmail.com,7521 Obrien Camp Apt. 229,6150,26,8
250652,Carlos,Collett,Carlos Collett,Carlosc@gmail.com,24832 Samantha Prairie,6805,127,6
926375,Jeremy,Griffin,Jeremy Griffin,Jeremyg@gmail.com,32352 Tyler Drive Apt. 171,4448,138,8
926039,Jeannette,Brown,Jeannette Brown,Jeannetteb@gmail.com,171 Allen Road,4415,33,9
973470,Terry,Oates,Terry Oates,Terryo@gmail.com,219 Troy Gardens,9214,212,2
112379,Chris,Alvarado,Chris Alvarado,Chrisa@gmail.com,721 Lang Street,3839,113,0
440425,Walter,Lopez,Walter Lopez,Walterl@gmail.com,27332 Solis Mission,3161,179,4
727501,Matthew,Villalobos,Matthew Villalobos,Matthewv@gmail.com,696 Williams Valleys Apt. 238,6755,137,2
716849,John,Mcintyre,John Mcintyre,Johnm@gmail.com,1332 Julie Dale Apt. 169,5823,145,0
491468,Sandra,Raso,Sandra Raso,Sandrar@gmail.com,294 Hector Springs Suite 798,5525,97,9
203675,Patricia,Young,Patricia Young,Patriciay@gmail.com,01109 Knapp Divide Suite 829,5506,233,7
568650,Larry,Steir,Larry Steir,Larrys@gmail.com,74321 Stein Common Apt. 245,7232,19,7
77910,Joseph,Fish,Joseph Fish,Josephf@gmail.com,771 Francisco Haven,6138,119,8
986204,Donna,Fann,Donna Fann,Donnaf@gmail.com,02002 Dylan Inlet,3594,142,1
82113,Kimberley,Barre,Kimberley Barre,Kimberleyb@gmail.com,62257 Andrew Flat Suite 612,9581,4,6
